29;319;126300;2008-08-07;126300;7240.79
30;141;1377500;2006-12-19;1377500.01;82582
31;313;232200;2009-12-20;232200;11593.2482
32;256;159120;2007-11-08;0;0
33;181;275000;2008-11-25;155973;13747.64
35;41;1475059;2009-03-07;1016196.02;52034.38
36;267;305000;2007-12-01;305000;14010.1
37;126;1662600;2009-06-21;1476900.01;81775.07
39;17;838640;2009-12-07;440839.99;28382.69
40;313;506544;2007-03-10;506544.01;24009.27
41;312;519620;2008-12-06;519619.97;25943.51
42;107;1396248;2011-10-15;428149;24575
43;44;803000;2005-07-06;609097.99;76165.6857
44;35;739900;2009-12-04;665472;27995.2
45;35;412300;2009-04-22;412300;23667.45
46;256;650407;2007-11-16;570960.01;28835.72
47;369;2549485;2009-12-24;249685;14317.06
48;111;1626327;2007-11-03;1126327;46511.67
49;146;3257850;2009-08-08;997054.9998;50405.3202
50;218;2904040;2008-05-12;2215119.98;125159.15
51;181;488255;2008-01-22;400211;28027.5435
52;197;3340983;2009-12-03;607232.98;30341.85
53;84;169205;2007-05-12;169205.02;12267.67
54;391;339136;2009-09-04;339136.01;18278.6985
55;17;5488699;2009-06-27;571134;27686.29
57;322;116700;2008-09-18;116699.99;5826.58
58;370;582277;2011-01-19;579378;33424.73
59;323;755110;2011-08-01;194700;9733.34
60;113;739928;2009-04-18;739928;39563.07
61;56;870000;2007-11-20;869999.99;64507.6618
62;334;2113450;2010-04-01;479486.01;21024.92
63;17;2169799;2008-03-07;2169799.01;146570.6508
64;84;138005;2009-10-26;138005.01;7610.65
65;34;1351030;2009-01-28;1094929.99;60730.67
66;242;180000;2008-09-10;180000;10332.6262
67;216;216426;2010-04-05;216426;12423.6
68;579;221566;2006-12-30;221565.91;7093.14
69;10;4673291;2007-12-22;1501489;80148.44
70;161;403284;2005-12-30;403283.59;20765.32
71;313;902160;2009-07-21;902159.99;51720.9602
72;144;493000;2006-12-31;493000;21296.3155
73;18;548415;2006-05-18;548414.99;41772.54
74;129;5714421;2008-09-16;351159.9994;15497.7794
75;38;1946029;2007-11-28;1062539.99;52891.91
76;454;255882;2009-12-13;255882.02;14433.14
77;144;194000;2008-10-20;194000;8380.3
79;322;3818465;2009-08-06;767456.01;42768.52
80;335;457100;2010-02-21;138599.99;6919.99
81;353;193600;2010-03-03;193601.01;10330.5961
82;144;1981200;2009-04-13;1981200;113727.76
83;34;104300;2006-02-04;104300;7561.94
84;190;2557343;2007-11-15;2478695.01;135168.83
85;43;244000;2008-07-19;212357;20094.6553
86;242;264000;2008-06-28;263999.99;13197.74
87;220;1708002;2007-04-16;1708002;92441.89
88;319;166100;2010-03-13;166100;9534.72
89;112;305221;2009-08-26;305221.0023;15258.4265
90;111;566439;2008-04-23;358796.85;13127.36
91;17;1965155;2009-06-28;263956.01;14323.49
93;220;162000;2007-06-28;162000;9274.2832
94;1498;314000;2013-01-29;167962;0
95;107;1102686;2009-05-11;376720.01;20381.81
96;266;630800;2008-06-18;630799.99;38519.7286
97;195;6847287;2010-03-20;495066;21121.73
98;112;900428;2009-03-03;703331.01;37891.422
99;44;295000;2009-12-19;295000;16934.03
100;561;175890;2004-11-03;175890;12752.34
101;46;740901;2007-06-22;368566.01;18198.53
102;244;2001900;2008-07-08;635752;39139.75
104;144;273000;2007-06-28;273000;10282.05
105;557;254000;2007-01-24;254000;20918.2
106;200;841600;2007-09-10;508900;26410.88
107;331;407000;2008-09-26;18289;368
108;195;941620;2007-07-14;698395.01;34913.7487
109;328;197800;2008-11-06;197800;11339.9
110;165;891090;2007-04-07;891089.51;58049.94
111;45;633000;2003-08-20;632999.9799;47420.8665
112;44;79000;1999-12-17;79000.01;6973.11
113;45;366000;2005-04-18;365999.99;31241.65
114;391;184918;2009-12-24;184918;10614.94
115;35;242200;2009-11-09;129900;7447.18
116;17;298515;2010-01-12;0;0
117;245;251400;2008-04-12;251400;12567.84
118;44;101000;2002-09-20;101000;12103.69
119;25;187000;2008-07-18;187000;9336.509
120;42;3512421;2008-07-07;3383407.62;204041.5604
122;17;167895;2008-08-25;147925;10841.2241
123;16;3359945;2009-08-22;245574;12202.97
125;414;193600;2009-12-24;193600;9678.34
126;143;3121231;2007-06-15;117000;5054.094
127;17;713685;2006-07-26;713685.03;51872.83
129;245;449400;2007-09-01;449400.01;22531.66
130;226;328240;2009-12-24;206360;10303.12
131;5;490656;2009-11-30;155206;8897.99
132;35;200000;2009-08-19;167822;9986
133;61;1402890;2007-02-03;1402889.51;44911.73
135;196;3614309;2009-05-18;499441;21002.18
136;39;10689608;2008-09-19;161000.01;11672.78
137;111;7219524;2009-02-24;866537;43052
138;469;1636070;2010-03-22;204080;11714.9
139;165;789324;2006-12-19;789323.6;42691.53
140;115;324489;2005-07-06;324489;14017.08
141;197;84870;2010-02-09;30313;4865.61
142;68;200700;2002-08-24;120800;8489.94
143;44;1524053;2000-12-13;921000;76599.93
144;61;488080;2003-08-15;488079.02;32037.27
145;165;1840920;2006-12-18;1825259.83;119536.1056
146;141;1482227;2006-09-08;258366;7983.2
147;176;803854;2006-12-26;533666.61;12739.66
148;43;2631820;2003-07-08;2364000.02;195385.07
149;1536;2441620;2015-04-16;589701;20081
150;176;2070765;2008-12-18;2070765;93279.18
151;44;333000;2008-06-04;175142;27424.2639
153;107;3923556;2008-10-27;906835.01;48540.8
154;321;4462529;2009-11-28;1037100.01;57782.36
155;127;1083191;2009-08-05;1083190.99;59464.82
156;2;178290;2008-02-22;178289.99;12769.39
157;287;1003413;2009-10-10;673600;38639.6806
158;43;1336000;2005-12-15;1335999.98;110026.49
160;501;45000;2005-06-30;45000;3262.57
162;44;88000;2001-05-04;87999.99;7767.52
163;7;271500;2005-04-21;181700;11198.62
164;45;1437000;2003-08-16;1187000;90328.91
165;45;142000;2008-04-15;142000.01;11694.42
166;16;1006975;2004-10-29;346285.97;24710.79
167;469;189900;2008-12-12;189901;15842.6934
169;36;1221110;2007-03-13;1221109.99;78297.76
170;220;3627088;2007-05-28;216000;10769.15
171;44;581000;2002-10-12;581000.01;52182.74
172;176;516055;2009-04-08;516055.2591;44676.3814
174;8;1215341;2006-09-29;507695.99;36385.55
176;155;277150;2008-01-03;277149.5;16981.91
177;18;527572;2002-10-12;527572;46669.95
178;202;2306040;2006-12-24;84000.01;5956.65
179;44;199000;2007-08-23;199000;16388.68
180;143;372800;2007-12-29;213000.0024;8022.265
182;45;1111766;2002-02-23;245999.99;22445.84
183;221;237600;2008-12-02;237600;11846.07
184;43;245000;2006-12-16;0;0
185;35;1618000;2009-04-16;768900;42604.05
186;35;1589550;2009-01-10;424400.01;24341.15
187;40;1849138;2008-03-27;1611607.99;101232.21
188;109;2757857;2009-01-16;2185911.99;107782.26
189;313;1532800;2008-12-16;1338398;76794.42
190;439;1554271;2009-09-29;1054271.99;59903.88
191;55;407653;2007-10-06;407653.01;29555.55
192;40;10067049;2010-01-23;919730.99;57480.08
193;35;1330400;2009-12-22;180700;10372.81
194;19;514040;2008-05-22;514039.99;39629.7
195;7;5937378;2009-04-02;1207898.01;73698.12
196;629;3191045;2022-04-04;111044;2050
197;220;183600;2009-09-26;183599.99;10539.28
198;45;312000;2005-11-19;312000;26632.02
199;145;187000;2005-11-03;186999.99;5986.56
200;68;108700;2002-12-24;108700;7639.55
201;7;830095;2008-04-15;52395;3798.73
202;390;662213;2010-03-29;460195;35493.23
203;318;2406050;2009-04-20;392099.99;20092.44
204;148;180000;2009-12-09;180000;10332.63
205;318;1903720;2010-02-05;411381;21927.03
206;18;897000;2006-08-03;52600;3813.59
207;323;968500;2010-02-04;968500;48416.7
208;53;31127539;2007-01-09;4333782.51;227810.96
209;68;519589;2007-05-10;519589;33417.64
212;170;211040;2007-12-24;211040;8967.66
213;56;720500;2004-10-16;720500;52237.4879
214;170;98364;2007-04-23;98363.6003;6387.0163
215;146;245000;2006-12-20;245000;10583.36
216;501;120000;2005-05-20;121416.59;8013.94
217;318;445700;2009-10-02;349800.02;20079.75
218;107;1437212;2009-09-14;1122444.02;64432.59
220;164;412750;2007-12-08;344807;33710.2235
221;6;238487;2006-09-04;238487.01;17290.72
222;88;58000;2009-08-04;57999.99;2899.49
223;7;864297;2009-05-02;629557.01;39322.83
224;99;421278;2007-06-23;421277.99;33679.6297
225;167;900324;2007-05-23;300323.6;12761.56
227;17;112140;2006-09-23;112140;9355.45
228;17;353596;2005-01-25;354975.05;26651.03
229;34;1018884;2007-06-12;567563.0199;40144.6384
230;17;133035;2006-11-11;133034.99;8189.94
231;335;4722248;2009-10-10;1545587;77629.04
232;420;212204;2008-09-16;212203.99;13702.33
233;9;433553;2007-10-18;323703;16722.41
234;35;162700;2009-04-01;162700;9327.62
235;35;334600;2010-01-27;153447.01;6878.35
236;43;165000;2008-12-31;164999.99;15650.48
237;144;220000;2008-02-09;220000;7924.33
238;144;317000;2007-09-29;0;0
239;44;572000;2009-08-01;572000;32834.79
240;35;584304;2007-02-17;584304;32965.48
241;17;351645;2006-12-19;351645;29336.51
242;35;830213;2008-06-07;364700;20168.83
243;17;1317490;2006-11-03;386790.0101;31081.6537
244;1;508478;2006-10-26;508478.02;40930.47
245;176;1187718;2007-04-04;1187718;31840.32
246;100;461724;2010-01-05;166265.99;9544.25
247;318;405400;2009-09-26;245600;13652.41
248;144;175000;2008-12-02;175000.01;6591.06
249;43;5021459;2006-06-16;5021458.99;406587.49
250;176;2336968;2006-12-04;840278.01;33169.32
251;10;970843;2009-08-15;410550.99;23574.06
252;128;527690;2007-11-10;163000;7041.17
253;44;291800;2006-12-13;291799.98;19035.15
254;35;617106;2010-03-20;509306.01;24145.26
255;114;1118675;2010-09-09;137489;7892.35
256;10;1840387;2008-11-28;1840386.99;112643.79
257;146;172000;2008-09-27;172000;6478.07
258;115;461978;2007-12-29;461977.98;17399.57
259;2;3824052;2009-01-23;343779.01;18197.3
260;111;831988;2007-12-12;392088.01;16937.17
261;18;521336;2009-10-30;284967.99;16987.02
262;8;203678;2008-05-11;203678;14145.54
263;147;359000;2009-04-14;359000.02;17431.87
264;240;100800;2007-06-06;100800.01;5786.27
265;220;302400;2007-10-22;302400;15076.82
266;150;180000;2008-04-06;180000;8998.46
267;7;2428010;2009-03-14;209999.99;17294.59
268;167;3524580;2007-03-30;648439.99;56137.3
269;217;658801;2008-06-13;658803.99;39693.91
270;35;902000;2013-08-20;0;0
271;43;108000;2006-10-03;108000;10243.95
272;144;788300;2009-04-06;788300;37663.87
273;44;298000;2005-12-26;298001;24541.8334
274;4;4165377;2009-09-23;835207.98;61595.11
275;148;378000;2006-09-13;378000;15194.68
276;234;1445286;2008-12-24;480355.01;25701.36
277;109;482324;2007-03-13;482324;21645.91
278;109;2838823;2008-01-22;1346375.26;68270.21
279;319;1061683;2008-11-18;163526;6151.96
280;420;199290;2008-05-27;146125;13856.36
281;112;845020;2006-11-09;845019.98;40746.99
282;10;2468733;2006-06-05;911292.03;48491.504
283;35;100000;2009-05-29;100000;5733.02
284;35;1465700;2008-10-16;450898.02;24894.78
285;167;369000;2008-01-22;369000.01;31945.37
286;35;2989540;2010-03-03;109900;6300.58
287;212;1508540;2008-01-03;743611;40478.5
288;108;912842;2009-07-18;912842;47514.88
289;44;399000;2005-07-30;399000;32859.7
290;10;772385;2007-11-24;232103.99;14441.26
291;144;10294119;2006-12-15;649584.99;10426.79
292;165;568284;2007-04-11;568283.62;18192.86
293;6;243706;2009-11-03;113653.99;5014.75
294;312;105000;2010-02-27;105000;5242.43
295;35;929800;2007-11-22;451599.01;29709.21
296;1536;2405373;2023-11-10;801401;38038
297;59;172200;2008-03-26;172200.01;12484.8
298;35;543600;2009-12-22;343600.01;18251.81
299;234;827386;2007-09-29;101544.99;5829.03
300;9;1454008;2007-07-12;431658;26652.26
301;17;12636592;2006-12-02;1071543.93;54477.064
302;144;112000;2006-12-21;111999.99;4218.28
303;115;604967;2006-08-11;604966.99;26132.99
304;61;7130184;2008-12-26;2217890.75;91519.2666
305;111;12872558;2008-05-24;1335494.01;61912.54
306;43;197000;2009-12-15;197000;11308.48
307;220;670800;2008-04-19;670800.01;38437.71
308;35;820300;2009-08-08;820300.01;43776.03
309;35;477000;2009-09-12;477000.0101;26259.6895
310;17;2712077;2006-10-09;924553.01;49960.29
312;420;110985;2008-06-28;110985;7166.45
313;68;498300;2005-06-10;498299.98;31076.02
314;35;2902200;2009-06-11;870451;41895.82
315;111;754335;2007-03-02;754335.02;38347.37
316;318;2411771;2009-10-30;520771;26790.01
317;110;983389;2008-03-14;554400;26009.97
318;78;896671;2008-06-12;896671;43798.3183
320;35;337600;2009-05-02;77800;3884.39
321;318;89900;2008-12-30;89900;5153.98
322;9;73395;2009-02-07;73395;3669.12
323;259;202000;2007-11-20;202000.01;8583.53
324;8;2108500;2007-10-01;363450.99;20351.58
325;18;277801;2010-02-24;277801;15946.74
326;1;959557;2005-12-21;959557.02;58956.4919
327;2;750717;2009-03-21;186217;13423.72
328;102;3474001;2007-02-17;3276111.04;164589.81
329;17;70140;2008-05-03;70140;5085.28
330;336;169800;2010-01-23;169800.01;9734.66
331;149;9771014;2008-09-14;2787160.71;186094.17
332;35;715020;2009-10-24;528723;29301.66
333;43;80000;2005-10-14;80000.01;7588.11
334;51;13897101;2007-02-09;2509109;129589.48
335;318;477590;2010-01-08;267803;15633.33
336;128;1996021;2009-08-05;1721197;98802.69
337;144;363000;2008-08-28;362999.99;17975.13
338;501;363250;2005-07-21;363249.99;26336.2574
339;146;2477192;2009-06-26;310599.99;16555.76
340;323;319400;2009-08-22;319400.01;15946.95
342;146;387982;2009-04-27;387981.99;19395.79
343;19;9583383;2005-05-03;2253380.01;126566.75
344;111;6487919;2006-08-11;6487386.04;284508.73
345;68;220800;2007-01-06;220800;16008.38
346;420;131040;2008-07-17;131039.99;8461.45
347;41128;462205;2024-03-01;191520;0
348;10;1960465;2007-04-15;1880565;108836.77
349;313;302400;2009-04-06;151199.9999;7549.0917
350;318;367500;2009-04-21;307000;16199.66
351;109;740662;2008-12-22;481563;39259.75
352;142;3696000;2006-12-09;602000;25285.59
353;35;3384700;2006-10-05;1919000.04;171202.57
354;19;632280;2009-12-21;328680;21975.45
355;318;183700;2010-04-03;183699.99;10545.03
356;148;1826700;2009-08-21;280000;16072.97
357;35;142200;2009-05-22;142200;8152.35
358;313;237600;2009-12-30;237599.9929;11862.8602
359;35;3644098;2008-10-10;1379879.01;76700.95
360;448;137370;2009-12-09;137369.99;6867.34
361;470;225065;2009-12-23;225065.01;11251.33
362;144;5487424;2008-08-26;422614;23490.5
363;90;3981173;2008-08-06;1496292.96;86456.49
365;35;5752780;2006-02-20;1693093.01;116602.25
366;41;2002500;2010-03-22;2002499;120091.22
367;56;7168790;2008-02-19;3050113;320045.85
368;144;363000;2008-12-18;363000;15680.65
369;17;698595;2009-12-06;115395;7451.23
370;9;2204915;2007-05-14;2204915.01;143522.62
372;144;472000;2009-07-04;472000;27094.44
373;143;737026;2010-03-20;375966;19863.6
374;35;179800;2009-07-07;179799.99;9723.86
375;10;1086591;2008-12-17;200630;12164.69
376;334;377600;2009-01-06;377600;21647.86
377;48;1204545;2006-10-21;299844.99;14268.33
378;57;1091774;2008-02-15;1030611.01;62098.83
379;17;4531006;2008-07-05;396224.0101;18029.4839
380;43;116000;2009-09-19;115999.99;5799.01
381;129;1627347;2009-05-02;1383989.03;79444.87
382;322;541500;2009-11-05;161600;8078.61
383;5;735859;2009-01-27;445408.9913;26441.5774
384;363;109800;2009-06-26;109800;5482.08
385;17;4185193;2005-04-12;2220921.02;169855.7293
386;482;140800;2010-03-29;140800;8082.41
387;7;375585;2007-01-14;375585.01;24492.7198
388;221;102600;2008-10-25;102599.98;5873.72
389;370;1431588;2010-03-04;188140;10786.1
390;100;606212;2009-10-09;606212.0099;33901.8805
391;43;6616972;2006-09-11;1797542;68075.21
392;125;25893163;2008-08-02;5438259.99;310500.12
395;44;220000;2009-12-18;220000;12628.7653
396;515;160250;2006-12-17;160250;11618.41
397;501;114000;2005-01-13;114000;8265.2
398;545;236500;2005-12-30;236499;17147
399;6;4573708;2007-06-23;923880.99;61006.56
400;129;350000;2010-10-16;350000;20091.22
401;44;421000;2008-12-23;421001;30255.0858
402;21927;791950;2022-12-22;467387;29113
403;114;62697;2009-02-25;62697;2361.37
404;35;194700;2008-12-18;194700.01;11162.18
405;93;273588;2006-02-22;273572.9973;21648.3882
406;129;187000;2007-10-11;187000;9348.39
407;318;3983169;2008-02-05;487002.6;24143.94
408;442;100441;2009-09-06;100441;5765.66
409;111;1512196;2008-10-04;1399028;81403.8278
410;145;374000;2005-10-01;199000;7306.83
411;9;8195992;2008-06-14;1300113;61386.57
412;45;363390;2006-04-24;363389.5;20398.53
413;36;1161220;2007-08-13;880720.04;55523.17
414;35;10828560;2008-09-12;2592752;125617.95
415;96;838140;2008-12-20;175560;14646.36
416;144;300000;2010-03-19;300000;17221.04
417;17;1486822;2009-12-11;181202;11282.42
418;144;741100;2007-12-01;289500;15519.61
419;44;114000;2005-12-09;114000;10813.06
421;45;306000;2009-11-07;305999.99;16349.88
422;109;1319656;2009-06-04;633977.99;36392.55
423;78;368000;2008-02-16;368000.01;18396.85
424;111;1116565;2007-09-24;1116565.01;48439.87
425;391;3485437;2009-05-10;1173508;58249.83
426;57;382360;2006-06-22;382359.99;19068.76
427;333;965487;2009-08-16;758453;42997.13
428;109;1890794;2006-05-26;1342014.02;56570.92
429;107;1377095;2008-05-23;1126895.02;54999.6804
430;143;482151;2006-08-22;352160.99;15747.15
431;162;1104846;2007-04-09;0;0
432;469;209930;2009-09-17;209929.99;12050.72
433;111;198529;2008-09-06;198529;8575.94
434;501;90000;2005-12-15;31218;6525.16
435;44;4075080;2006-07-15;350076.99;17849.2
436;143;1403430;2009-07-18;1403429.97;70948.11
438;17;5605480;2006-02-03;795244.99;57530.0336
439;112;4497292;2006-09-16;4497291.97;231921.974
440;245;118800;2007-05-12;118800.01;5938.97
441;18;642955;2009-09-19;642954.99;32142.21
443;243;843000;2007-10-31;843001;47964.26
444;138;349000;2008-08-08;349000;19455.67
445;56;291500;2007-05-08;291500;21134.2681
446;17;588300;2006-07-01;588300.02;41903.23
447;10;1400882;2006-10-24;1400881.99;100570.21
448;55;519179;2009-02-27;329279;23594.2
449;35;8168900;2008-09-19;1269309.01;69107.64
450;128;500000;2005-12-23;500000;18831.6
452;35;157500;2008-06-19;157500;9029.49
453;35;1264590;2009-08-14;1016789.99;56585.78
454;38;168500;2006-09-15;168500.01;14057.37
455;43;62000;2008-12-31;62000;5880.79
456;202;5390912;2007-09-18;335967;24320.04
457;35;1038900;2008-11-14;406472.01;20803.82
458;10;2458405;2006-09-16;647574.02;35240.33
459;68;160700;2006-12-16;160700;11651.03
461;17;104790;2007-07-15;104790;7597.44
462;87;143204;2005-08-05;143204;10382.55
463;35;939478;2010-03-04;659678;34793.54
465;217;25572428;2006-06-22;3036379;167181.5
466;69;1179149;2008-12-05;1179149.03;76318.35
467;110;637978;2006-10-06;641637.6302;24865.0008
468;376;1657304;2009-10-06;111000.01;5549.04
469;35;2126750;2009-05-02;144118;6630.6
470;99;1459443;2008-03-07;702373.01;41929.48
471;68;86800;2008-02-15;86800;7241.42
472;68;251500;2008-06-11;164264;17391
473;9;7043687;2007-01-09;6406311.99;301447.35
474;57;69990;2007-11-21;69990;5839.03
475;45;1695000;2005-04-14;1695000;160773.13
476;177;925888;2007-01-28;925887.99;50368.8
477;35;6531435;2008-02-06;5237213.631;325325.0658
478;35;5288921;2006-12-06;660000.01;28510.28
479;45;125000;2007-12-22;125000;11856.43
480;35;1670460;2008-07-09;246399.99;14126.15
481;146;270800;2009-12-22;157000;9000.8326
482;145;504604;2008-05-17;504604;19971.28
483;318;214800;2010-02-27;214799.99;11433.93
484;44;1290900;2007-11-27;0;0
485;135;613068;2008-12-22;525256;31676.2369
486;143;383000;2009-09-02;382999.99;21972.39
487;4;8164218;2008-08-13;1474878;73178.84
488;42;536300;2006-08-25;536299.99;32085.55
489;64;299400;2008-10-11;221155;23669.1122
490;42;804970;2008-10-10;804970.0001;52296.4282
491;44;389000;2007-08-10;389000.01;33160.81
492;25;660000;2008-08-26;660000;35636.27
493;168;358324;2007-05-07;358323.6;23266.96
494;43;85000;2006-01-24;85000;7000.19
495;192;1063548;2006-12-23;1063548.76;64451.03
496;4;36592;2008-08-30;36592;2637.78
498;17;73395;2008-02-14;73395;5321.28
499;363;164670;2009-07-07;164669.99;9440.56
500;369;339876;2009-08-03;339876.01;19485.14
501;501;137000;2005-09-12;113002;9443
502;18;2629539;2008-09-03;1079150.98;49052.41
503;89;2025995;2007-05-26;2025995.02;116803.26
504;335;167800;2009-04-28;167800.01;8377.88
505;143;1348000;2010-01-27;148000;7398.72
506;501;570000;2005-05-19;570000.03;43052.12
507;109;5690815;2009-04-25;3637215.03;208760.19
508;35;368300;2008-09-26;304764.99;11907.81
509;125;959449;2011-11-30;350777;20137
512;88;650200;2006-06-17;650199.99;46190.53
513;144;1277172;2008-08-01;433000;16308.17
514;69;514680;2008-07-14;514680.02;29325.68
515;35;2339335;2008-07-10;159714.99;9161.73
516;308;2377690;2008-08-01;490435.01;24517.55
517;111;3010413;2009-11-06;1843829.03;99294.06
518;10;3356592;2005-01-19;77800.01;6003.78
519;39;2024435;2008-03-22;526995;24191.38
520;149;593600;2008-07-18;593600.01;24657.69
521;43;1533210;2007-09-19;1476798.01;113656.3
522;19;793380;2005-06-20;403904.99;24157.46
523;139;764225;2007-04-18;767701.5;27623.27
524;109;1231526;2008-05-17;1127579.99;52802.09
525;6;3412057;2009-02-07;520410.99;31382.35
526;97;2207928;2007-11-24;365768.99;28369.52
527;10;5119498;2007-03-03;0;0
528;57;169119;2009-07-10;169119;9708.02
529;501;310000;2005-10-29;309999;22475.5397
530;420;167790;2009-12-19;167790;12095.39
531;318;1538295;2006-04-28;380599.99;25228.43
532;69;210600;2007-12-13;210600;15268.87
533;1;987310;2007-02-04;336385;21694.6295
534;43;330000;2009-02-11;330000;31300.97
535;334;89900;2009-03-21;89900;5153.98
536;110;2044783;2005-12-17;1848897.98;85672.9944
537;144;463829;2007-12-23;463828.98;21338.24
538;1;27097842;2009-05-09;4601032.99;268959.2
539;368;220000;2009-08-20;220000;22407.09
540;44;207000;2009-07-29;40518;11882.52
541;222;220000;2007-07-06;219999.99;10998.11
542;391;122705;2009-05-19;122705;7034.69
543;143;523000;2007-03-17;522999.99;22592.2346
544;11;7315321;2007-08-29;445719;27255.66
545;35;3534440;2008-09-20;1338404;79743.66
546;18;460582;2008-06-05;293102.99;25192.5382
547;113;466351;2009-04-19;466351.02;23313.56
548;108;217789;2006-10-31;217789;8202.64
549;221;345600;2009-11-24;0;0
550;1833;2894500;2016-01-03;0;0
551;17;73290;2007-12-23;73290;5313.6527
552;369;844676;2009-12-12;755783;43742.92
553;17;246413;2010-03-27;246413.02;17072.67
554;23;13516314;2007-09-13;2483312.99;125679.65
555;17;2054050;2009-02-13;1017300.02;62740.58
556;220;325000;2009-04-29;325000;18656.14
557;552;167300;2007-11-02;167300.01;12129.55
558;176;1925610;2007-06-08;1151110;87935.0614
559;55;718043;2009-02-18;224343.01;14913.07
560;220;432800;2008-05-15;388800.01;22258.27
561;143;280900;2009-10-08;227916.99;12271.09
562;218;948480;2008-12-05;308880;17682.98
563;145;9709902;2005-11-02;1081658;49388.73
564;77780;199800;2024-12-28;101242;1677
565;125;153989;2008-11-02;153988.99;7698.12
566;35;170600;2008-09-08;170600;8517.69
567;148;216000;2006-08-19;215999.99;7931.04
568;48;877680;2007-06-21;710700.02;39219.79
569;18230;903000;2018-07-23;0;0
570;17;8346215;2009-07-02;267015.99;11178.38
572;442;326160;2010-03-17;326160;18722.72
573;35;382400;2008-07-14;382400;19098.77
574;145;289000;2009-12-27;289000;16589.6054
575;335;766900;2008-10-16;378900;18917.66
576;45;876570;2006-06-10;795321;49669.9062
577;35;194700;2009-12-16;194700.01;11176.46
578;35;1400555;2009-03-05;157699.99;7873.61
579;2456;1973970;2022-01-02;285470;15732
580;335;159800;2010-03-01;159799.99;9161.36
581;23;14730707;2006-12-24;894320;36113.65
582;57;4720004;2007-04-24;3210033.02;165915.58
583;144;286900;2010-02-06;177000;10160.41
584;10;1646548;2006-12-24;399577.01;21463.78
585;148;630000;2009-03-10;630000;34956.03
586;322;267300;2008-09-19;267300;13789.11
587;35;17250825;2009-03-06;4266382.01;232181.17
588;10;9308027;2009-08-08;1390725;78391.3
589;1;285772;2006-07-31;285771.99;19643.17
590;147;659680;2006-10-13;659680.01;28098.84
592;1;27219787;2005-07-05;5666018.79;319297.235
593;62;6304910;2005-12-26;4240277.35;215866.48
594;43;454000;2010-02-05;453999.99;26061.17
595;38;677900;2007-04-28;645604;51215.8939
596;44;2466090;2005-06-04;137000;11282.65
597;112;1812070;2007-05-03;1812070.04;90871.66
598;45;181000;2007-05-07;181001;14906.2813
599;43;639000;2008-06-20;202599.9932;13190.98
600;111;459215;2008-05-17;459215.0087;19836.8948
601;43;759628;2008-06-29;759627.99;52631.35
602;45;2061488;2007-05-05;343500.02;23811.34
603;35;744949;2008-11-19;349399.98;20446.01
604;172;541150;2007-12-09;268330;25898.21
605;318;271500;2009-03-24;271499.98;15132.58
606;35;1075300;2008-08-09;1075300.01;68919.71
607;35;94800;2009-07-30;94800;4733.16
608;40;65900;2007-09-20;65900;4777.87
609;34;771300;2007-08-25;771300.01;58666.0494
610;4;209895;2009-03-17;94394.99;4712.95
611;35;585800;2008-09-22;585799.99;26433.88
612;367;492500;2009-11-05;492499.99;50161.32
613;35;1393100;2007-04-18;623099;35999.86
614;148;900000;2008-03-31;899999.9999;38877.6459
615;17;73395;2006-02-10;73395;5321.28
616;17;682895;2008-12-15;190834;15600
617;44;422000;2008-09-27;311999.9946;25694.8058
618;181;942232;2007-10-13;942232.22;49361.07
619;18;1349546;2009-02-10;57645;3309.02
620;44;1415000;2010-01-15;407471.99;23611.64
621;144;976850;2009-11-05;787000;45176.54
622;552;109300;2007-07-27;109300;8500.18
623;2;457821;2007-10-01;427323.98;21426.1113
624;1;3487937;2005-12-16;3488630.906;184986.7446
625;240;306680;2007-04-27;307661.47;15001.76
626;176;359168;2008-04-14;359167.99;9628.56
627;41;391378;2006-11-15;391378;25037.69
628;126;1716358;2006-09-08;1716358.04;84237.38
629;42;14436812;2007-05-14;4769164.02;292959.76
630;35;427800;2009-09-12;276400;12392.1
631;35;7713670;2008-01-16;1018724.99;50927.52
632;66;589311;2006-01-27;589311;32078.407
633;35;2968040;2006-08-04;380500;19887.74
634;176;1109080;2008-01-17;917734;29732.1872
636;66;531670;2005-03-30;160269.5;11365.11
637;323;159900;2009-06-24;159900;9167.09
638;146;322000;2009-12-19;321999.9999;18460.3062
639;56;364886;2009-02-17;364885.99;26512.57
640;108;511467;2005-02-02;511466.98;26929.25
641;39;4888253;2008-04-26;708832;38675.27
642;77;702810;2008-05-12;401809.99;19331.34
643;93;735030;2006-03-28;735030.01;61046.03
644;172;1310085;2007-06-29;781996;43624.25
645;482;161600;2010-01-07;161599.99;8078.63
646;217;5861409;2006-07-15;1308373;63412.21
647;19;202820;2006-04-04;62894.99;4560
648;14686;3549158;2018-01-17;0;0
649;10;2786251;2009-01-29;344500;18170.49
650;57;72990;2007-11-15;73851.64;4874.49
651;17;1455800;2007-08-04;822985;65002.0634
652;129;1395956;2009-04-03;1395955.97;75893.38
653;37;233900;2007-03-13;12069;497
654;45;838000;2006-10-24;838000;53613.27
655;10;826499;2008-04-21;289597;17564.56
656;42;773840;2006-08-12;286540;17474.8
657;43;3456900;2006-01-17;1278000;140192.01
658;34;2669035;2007-04-21;2255534.02;146928.57
659;176;651002;2008-12-23;651002;23008.357
660;368;417000;2009-07-03;264533;42471.61
661;125;10631448;2009-06-09;316426;16347.66
662;334;440220;2009-06-18;290400.01;16648.67
663;34;322900;2005-04-28;322900.01;26046.95
664;108;738702;2006-06-21;738701.9944;31179.5516
665;136;523100;2009-07-04;523100;30027.76
666;44;1026700;2004-11-27;1026699.97;93760.6
667;35;963002;2009-11-09;189100;9445.69
668;14;102301;2005-08-31;102301;3829.19
669;16;104790;2007-11-03;104790;7597.46
670;112;252992;2008-12-30;252992;9528.5
671;35;244800;2017-01-28;0;0
672;433;2279883;2009-10-19;1694378.01;132253.2
673;172;319000;2009-12-20;319000;18311.71
674;318;454400;2010-02-20;334600;19199.15
675;23;365600;2008-08-06;234700;12194.2
676;176;663711;2006-10-31;364435.83;8312.58
677;144;111000;2009-06-03;111000.01;5549.04
678;19;252630;2006-04-10;252630;18316.11
679;113;571217;2008-09-22;422942;19574.12
680;143;336000;2006-09-23;336000;10756.59
681;35;3838786;2014-05-02;99012;3319
682;44;1311600;2007-05-11;388299.99;21578.21
683;1;5022976;2004-10-16;811067.01;67202.95
684;19;1193224;2009-03-17;567144.99;33304.65
685;220;513001;2009-09-25;513001.01;28647.55
686;35;6319687;2006-06-08;1496955.99;96536.84
687;102;83990;2009-03-28;83990;4821.3182
688;195;1786444;2009-12-04;200000;9998.29
689;1;801100;2006-07-04;661300.0099;43813.8873
690;147;412900;2008-01-09;89000;3267.89
691;112;217790;2008-11-28;217789.9962;8202.6558
692;44;598900;2006-12-29;120000;9882.62
693;35;327900;2010-01-02;327900;15995.45
694;145;200000;2008-06-23;200000;7343.56
695;16459;1799900;2018-02-24;0;0
696;148;941700;2009-06-26;794800.01;43452.54
697;231;385749;2009-12-22;97121;5269.64
698;6;52395;2009-04-15;52395;3007.65
699;109;263989;2007-06-06;263989;9942.68
700;158;300000;2007-09-17;300000;9063.53
701;162;910200;2007-12-18;895365.93;59786.0862
702;108;1307403;2008-05-22;700453;37239.6925
703;57;279466;2007-10-17;279465.99;23314.86
704;435;237600;2009-12-03;237600;13639.07
705;322;1013468;2009-01-25;300992;17255.91
706;234;282665;2006-08-10;282665;17488.16
707;86;228010;2007-04-19;228010;16531.14
708;117;668947;2005-12-23;668947.01;37959.71
709;302;14643834;2009-07-15;638942.97;33189.55
710;147;585780;2005-11-04;338999.98;15530.11
711;19;7888888;2006-05-06;6061240.99;350038.1738
712;344;124000;2009-12-01;124000.01;8938.71
713;57;4068158;2008-07-19;3576159.02;182854.81
714;35;1631100;2010-08-14;625496;26018.07
715;17;271215;2008-07-07;237102.0001;15634.3271
716;43;1316750;2006-01-14;681999.99;41317.02
717;17;123217;2009-08-28;123217;8882.28
718;56;214500;2005-12-21;128399;15551.6264
719;470;422640;2009-12-03;422639.9999;21128.3764
720;35;1127200;2006-12-05;397600.02;17305.78
721;35;519000;2009-03-20;518999.99;27442.82
722;45;159000;2006-06-24;159000;13094.47
723;45;267000;2007-12-04;267000;21988.82
724;215;1622902;2007-05-09;1626089.02;85191.17
725;35;4063832;2009-12-15;1052263;59281.61
726;6;113190;2010-01-30;113190.01;8159.46
727;56;246700;2008-04-30;246699.99;20581.32
728;6;3141351;2008-07-29;596452;31802.81
729;21;149500;2008-11-24;149500.01;8581.81
730;109;1245187;2006-12-19;855048;41801.1
731;18;1865132;2009-08-01;632413;31773.21
732;114;869000;2008-10-04;714667;35346.99
733;318;94800;2010-01-28;94800;5434.9
734;17;6392320;2007-12-29;1519611;88281.21
735;41;15938605;2008-05-16;2656549.99;157753.09
736;111;175993;2008-10-01;175993.01;6628.45
737;264;120400;2009-02-28;120399.99;6018.97
738;227;540350;2010-02-23;540350;27012.86
739;7;10973245;2005-08-01;2364313.693;124229.3761
740;110;1715232;2007-09-21;735388;32630.83
741;44;397000;2005-10-01;397000.01;37656.01
742;331;119900;2010-03-02;119900;6882.68
743;45;239000;2007-11-10;27906;0
744;35;294700;2009-07-23;79900;4580.67
745;242;490200;2008-03-28;490200.01;24505.81
746;10;5227998;2004-07-31;218999.99;19010.49
747;318;561100;2008-07-26;561100.01;32177.77
748;234;3683397;2007-07-14;1198249.99;55580.64
749;336;107600;2014-06-18;6138;0
750;243;457903;2007-05-04;364427;26285.23
751;139;179000;2007-03-13;179000;6741.7
752;125;4272036;2010-08-09;2194640;124230.96
753;39;298500;2006-12-06;254582;21641.7744
754;35;16439425;2009-10-09;1578701.02;80021.36
755;318;1207900;2010-03-02;330501;17606.46
756;43;438000;2006-09-27;438000.01;38770.75
757;581;1229360;2006-07-17;222300;8372.53
758;328;99900;2009-07-08;99900;5727.28
759;127;1212462;2008-05-24;1212461.98;56191.28
760;15;692590;2006-02-25;452307.0101;21107.4884
761;65;180669;2009-09-17;180669;10371.03
762;145;322000;2008-08-06;321999.99;12127.54
763;35;2824217;2009-10-03;252216;13417.55
764;318;3311460;2009-07-18;99899.99;4987.81
765;143;3283200;2007-12-27;686000;32701.92
766;111;161692;2009-12-23;29892;0
768;470;882053;2009-09-29;726938;38923.86
769;302;1669560;2010-01-15;413768.02;31419.71
770;57;2979126;2007-12-06;2550423;161555
771;45;187000;2010-03-25;187000;9348.39
772;17;67116;2010-02-19;67116;4838.15
773;17;247170;2006-09-14;191938.01;17130.88
774;35;884600;2010-03-08;154600;7728.67
775;55;1496308;2007-06-25;921313.01;42234.84
776;501;151000;2005-04-30;151000.01;10947.76
777;129;1045823;2009-04-28;636322.99;31810.7
778;111;1820430;2007-07-28;1720415;91300.37
779;35;589341;2008-12-17;589341.01;29930.87
780;35;6871631;2009-04-17;89900;4488.51
781;112;2931500;2007-06-05;100124.66;3440.07
782;44;736090;2009-10-24;248291;13498.43
783;55;109200;2009-04-14;109200;6268.45
784;418;212500;2009-09-16;212499.99;10623.17
785;313;615600;2010-03-12;615599.99;35337.58
786;35;2467318;2009-08-20;454851;20420.17
787;43;529000;2006-03-25;528999.99;31052.13
788;19;5049481;2005-03-12;1186778;65460.5
789;42;333700;2005-02-11;333700.01;26076.17
790;35;19076661;2008-12-26;1145878.01;55428.07
792;242;182400;2008-01-23;0;0
793;1;2470005;2008-09-13;1001743;104662
794;69;11239008;2005-09-09;1707895.98;82108.9138
795;242;930800;2007-08-31;930799.98;50149.09
796;112;126493;2008-05-13;126493.01;4764.13
797;322;94600;2009-03-31;94599.99;5423.43
798;14;1451610;2005-06-07;433567.01;12655.14
799;10;1006796;2009-12-20;442595.99;31905.17
801;56;2698779;2008-03-02;215000;15587.87
802;167;72000;2006-07-04;47800.01;1530.26
803;17;83895;2008-12-19;83895;4815.87
804;35;109800;2009-02-14;109799.99;6294.85
805;35;280900;2008-10-25;280900.02;14031.07
806;46;777500;2004-12-22;777500.03;48828.12
807;146;526800;2009-07-29;429999.99;21480.74
809;55;1037358;2008-03-27;1037358.015;61122.7065
810;41;258500;2008-08-11;168835;17875
811;18;125685;2010-03-27;125685;7214.76
812;166;92684;2007-03-24;92683.61;3938.38
813;35;1378464;2006-11-30;526011.68;26041
814;17;4663950;2007-03-31;1091962;69659.43
815;43;176000;2007-12-10;0;0
816;242;433040;2007-12-24;265200;13791.39
817;579;188589;2006-02-04;188589;7102.87
818;1;86394;2007-08-30;86394;7207.5495
819;111;3508051;2009-09-05;501515.02;26021.53
820;193;719825;2007-12-19;518619.08;36016.75
821;1;8549055;2007-07-07;1555119.01;90881.21
822;18;1409300;2007-01-18;57299.99;1834.39
823;35;293229;2007-05-16;293228.97;14464.59
824;143;2063995;2008-08-22;762000.01;33479.64
825;125;2881527;2007-09-13;2895502.9;147987.8878
826;147;568000;2009-06-03;568000.01;32605.18
827;112;419196;2007-02-21;64394.01;2781.66
828;44;216000;2007-09-17;216000;20487.9
830;357;94000;2008-12-17;60021;5389.0297
831;35;460700;2009-05-14;460699.99;24007.96
832;102;65990;2006-11-02;44875;5505.3166
833;11;123795;2007-09-02;0;0
834;318;374700;2010-03-04;374700.02;20101.52
835;17;801417;2005-11-19;691416.99;44656.76
836;148;925021;2007-07-29;681000;29417.43
837;56;1240837;2009-06-20;1018150;56380.93
838;46;10070240;2008-11-01;1166027;83075
839;35;11161583;2004-12-06;1393251;61895.54
840;35;972947;2008-10-27;940185;51234.92
841;435;1240600;2010-08-21;280799.99;16118.9
842;501;143000;2005-09-26;143000;10367.7489
843;10;2495982;2006-06-10;206676;12527.36
844;2;328940;2008-06-10;328940;21525.72
845;176;1457849;2009-04-04;1145149;49073.44
847;10;475410;2009-10-06;475410.01;31799.3
848;3;2108393;2008-07-02;678634.9986;35174.7234
849;142;378000;2009-07-02;377999.99;18896.76
850;110;1117498;2006-06-17;1117497.99;55054.462
851;39;4274573;2012-04-12;26904;696
852;201;362966;2006-04-22;362966.01;23220.6443
853;35;1691180;2010-02-20;363280;12527.86
854;2;619935;2008-07-26;303435.02;14055.41
855;127;6074327;2009-04-21;239177.99;10845.54
856;111;251332;2009-05-05;251332;14427.3312
857;57;992413;2008-05-06;992412.98;73719.6274
858;10;12639782;2006-10-24;816104;40898.61
859;221;652000;2007-12-28;651999.99;32506.88
860;7;9363023;2008-04-18;2254183.99;162057.07
861;129;394778;2008-01-22;394777.98;19729.9425
862;111;896544;2009-09-04;896543;51464.29
863;176;296823;2009-03-12;296824;15335.83
864;146;531700;2006-12-11;531700.01;23934.34
865;128;2275382;2012-06-21;0;0
866;242;64800;2008-09-09;64800;3719.74
867;2;2183028;2009-09-16;344235.01;19437.14
868;220;804000;2007-09-13;803999.98;42504.21
869;15;31395;2006-04-28;31395;2619.18
870;35;1510279;2006-06-28;1081680.04;68286.41
871;217;1083790;2008-12-31;767800;46387
872;17;612455;2007-09-01;612457;42784.4077
873;2;1480745;2007-04-18;322645;25133.13
874;68;74600;2006-11-16;74600;6223.62
875;56;732846;2007-09-08;732845.98;58620.6
876;198;883285;2009-09-06;541318.24;25024.11
877;21816;500499;2024-09-20;0;0
878;10;9028298;2009-03-21;1128340;61847.4874
879;109;767592;2008-05-17;479456.01;20711.24
880;126;7493596;2009-08-04;1066944.99;55306.49
881;44;5239920;2007-03-07;859748;47673.31
882;266;2327200;2010-01-23;1127462.02;71336.66
883;35;958000;2008-08-16;767299.99;37943.92
884;35;16143764;2009-05-30;1954201;69518.8
885;501;172000;2006-04-26;171999.99;12470.31
886;45;924000;2008-11-24;924000;53312.09
887;35;530400;2008-06-11;430500;24154.25
888;17;227325;2005-11-30;191442.01;18964.9196
889;22768;286440;2022-01-08;0;0
890;62;784080;2005-07-16;784079;28789.62
891;35;4555881;2008-05-20;849643.02;47348.28
892;172;1116540;2005-10-18;1116539.99;51413.57
893;35;99900;2009-01-27;99899.99;4987.81
894;35;9753019;2006-08-17;1247964.01;62712.69
895;17;1642369;2008-07-06;0;0
896;17;471490;2009-03-21;471490;29203.98
897;111;1549383;2008-12-24;1049899.98;56830.23
898;1;125790;2005-10-08;125790;9120.01
899;35;277756;2008-07-19;133700;6675.36
900;1;824342;2007-03-18;751292;49543.86
901;109;1014079;2009-03-02;278288.9973;12021.3516
902;35;132600;2009-05-06;132600;7607.11
903;17;479640;2006-08-02;479640.02;25362.23
904;420;484890;2008-12-24;115290;6618.05
905;577;393984;2007-01-11;393984.01;15757.29
906;176;1205376;2008-02-16;1205376;38914.6794
907;302;360393;2009-09-17;360393.01;18016.56
908;56;754819;2008-05-29;475119.02;37212.21
909;552;9739171;2006-09-30;2817648;178108.25
910;221;1326603;2009-03-04;1067401.99;57300.52
911;35;344500;2015-04-18;0;0
912;18;873732;2007-04-07;873731.9901;50506.3253
913;390;401200;2009-11-10;401197.01;22260.85
914;35;225600;2008-06-06;225600;11263.72
915;318;69900;2010-03-04;69900;4007.38
916;501;120000;2005-09-10;0;0
917;39;1842562;2011-06-17;1273956.03;72538.44
918;10;4159938;2006-05-10;1758790.03;107998.38
919;335;89900;2008-08-05;0;0
920;172;705000;2008-05-19;704999.99;26552.57
921;242;778400;2008-07-04;539714.9801;26650.7756
922;35;2800333;2009-10-09;584881;33570.06
923;144;1003100;2006-12-28;503600;21280.31
924;218;523800;2009-01-03;523800;30026.98
925;43;614100;2007-04-04;614099.99;51063.13
927;115;186989;2007-07-26;186989;7042.6
928;242;1097195;2007-11-14;571513.01;31127.68
929;35;1270800;2008-05-08;816849.48;40975.84
930;125;552478;2009-07-11;0;0
932;45;72000;2005-05-06;72000.01;5929.57
933;44;335000;2009-11-28;335000;19230.18
934;109;7158019;2006-02-02;6592466.938;311531.1656
936;17;272842;2007-03-24;272841.99;15041
937;10;6973642;2008-05-06;399059.99;21630.63
938;577;241680;2006-12-30;241680;7737.09
940;10;8033609;2007-04-02;1681533.02;108912.09
941;221;422801;2008-06-13;422801.0044;22947.9068
942;6;1798742;2010-03-06;146842.01;9481.81
943;227;841450;2008-04-24;598732.5399;40567.0514
944;10;3756973;2007-01-10;2022256.99;110155.81
945;221;330000;2008-05-22;329999.9974;16452.8701
946;414;878097;2009-11-21;655751.97;31733.5
947;318;2565334;2009-07-18;1161562.02;60966.23
948;144;3058658;2007-12-27;244475;9744.43
949;86;131994;2007-05-14;114004.01;11011.7941
950;323;267700;2008-09-12;152700.01;8199.89
951;1396;1047584;2016-01-19;0;0
952;18;1110695;2008-12-06;1110695;69106.93
953;143;123000;2009-12-20;123000.01;6148.95
954;17;341540;2006-12-20;341540;17794.537
955;18;1569120;2005-05-06;136290;9881.277
956;35;1690700;2009-09-21;1320200;71675.11
957;45;2945863;2004-09-08;2120064.011;124627.7312
958;35;3066484;2009-11-07;1992584.01;99612.09
959;242;379200;2007-12-13;135600;6778.84
960;35;174700;2009-04-18;174700.01;8722.39
962;138;189000;2007-06-01;188999.99;9448.39
963;17;50295;2008-01-21;50295.01;3646.47
964;35;337300;2009-03-07;337299;16844.07
965;143;357000;2008-01-10;357000;15421.473
966;44;145700;2005-01-05;145700.02;11282.81
967;318;382401;2009-03-02;283065;13846.43
968;143;567000;2008-02-14;567000;23339.86
970;35;357400;2009-01-21;357400.01;19551.45
971;17;215976;2008-12-31;65975.99;3787.25
972;56;66000;2007-05-28;65999.99;5506.15
973;420;1294770;2009-06-18;503049.99;34630.34
974;143;584320;2006-12-23;384322;15688.7
975;109;1907449;2007-05-25;1755658.99;80441.54
976;44;669800;2006-08-23;507000.0053;48089.6641
977;35;1724100;2009-02-07;1056800.01;60935.28
978;10;1598272;2007-03-24;78592.01;5698.06
979;149;330000;2009-05-07;330000;18943.14
980;35;658200;2008-09-12;372799.98;21389.52
981;45;2468440;2008-01-26;364157.9999;31266.8839
982;17;783136;2007-01-25;546856.29;29881.66
984;111;355843;2006-12-23;355843;15371.48
985;128;8461485;2008-06-14;454657.01;15276.91
986;57;522100;2007-09-29;17844;0
987;17;2463808;2006-08-14;18892;693
988;18;2791306;2007-03-20;1376883.99;99496.45
989;18;5953323;2007-11-21;448630;30434.6556
990;35;2224200;2009-03-17;228600;13105.67
991;330;12929950;2005-04-02;2071645.99;125425.51
992;55;773600;2008-04-28;493600;33892.87
993;220;328000;2010-09-04;328000.01;16397.18
994;17;784230;2007-06-30;784230.01;54367.62
995;145;928000;2008-10-02;927999.99;47377.79
996;111;658446;2009-10-21;400055;20311.89
997;143;303000;2006-12-06;257550;11125.4864
998;17;772560;2006-12-23;768600.46;52306.1211
999;109;1365102;2008-04-05;1365102;73610.66
1000;125;7029632;2009-02-07;313986.99;15769.25
1001;3;115395;2009-12-17;115395;7451.23
1002;44;643000;2007-12-17;190000;18021.77
1003;221;857600;2009-12-21;857600;42818.13
1004;23;253000;2008-09-17;253000;10750.66
1005;395;213500;2009-11-25;213500;12246.2
1007;147;946949;2005-10-31;946948.9981;38748.9829
1008;221;330000;2007-12-18;333824.39;15171.98
1009;140;244000;2007-05-22;244000;10540.16
1010;7;190195;2009-11-12;73395;3669.12
1011;276;93700;2006-10-11;43031.01;5335.99
1013;44;7675996;2007-12-22;751981.99;55406.31
1014;44;2887060;2006-09-21;294324.9971;25484.3822
1015;35;5644000;2009-12-19;884231;34000.81
1016;17;2031471;2008-03-05;261424;14600.0636
1017;318;134800;2009-10-31;134800;6730.28
1018;556;204000;2006-12-21;171912;16800.4541
1019;17;584130;2005-09-22;584129.99;37285.77
1020;57;80000;2007-06-14;80000;6674.1204
1022;110;573478;2009-06-08;349642.99;14681.39
1024;318;444500;2009-05-16;179700.01;10302.22
1025;10;5476037;2006-09-01;244742;16155
1026;43;4347001;2008-12-21;1395975.99;100580.31
1027;57;64152;2005-09-16;64151.8;4549.16
1028;552;116000;2006-12-21;116000.01;8410.2
1029;557;148000;2007-04-07;148000;14038.01
1030;35;991082;2008-09-13;169809.99;9384.07
1031;369;120984;2010-01-15;120984;6040.49
1032;6;394425;2008-01-24;394425;21006.58
1033;35;3599253;2007-01-17;94990.02;3577.62
1034;7;1686343;2006-03-07;463586;25429.79
1035;164;461900;2008-06-11;461900;39987.99
1036;7;719857;2009-04-02;546167;30922.81
1037;17;616350;2009-01-19;616349;39798.6191
1038;136;969702;2009-12-22;250000;14332.53
1039;35;7996655;2010-02-06;342671.02;17859.6
1040;501;278000;2005-08-16;113000;8192.7
1041;43;1327000;2007-11-16;1327000;74110.47
1042;35;2281000;2008-07-09;144252;7858.26
1043;35;11341255;2009-08-14;1615756;51242.01
1044;576;125400;2006-12-19;125400.01;5416.94
1045;318;220600;2008-08-27;220600;11014.08
1046;37;148200;2008-10-17;148200;10744.76
1047;227;1154150;2009-08-11;1154149.98;58275.9
1048;4;4267090;2009-02-04;225089.99;11252.58
1049;2456;1930217;2024-02-15;718134;44868
1050;35;881775;2008-07-21;694075;36766.54
1051;10;4870962;2006-09-18;329874.98;21060.94
1052;69;135193;2007-10-16;135823.2828;9496.3729
1053;126;778000;2009-06-06;778000;44659.89
1054;239;723600;2007-05-16;723599.99;36173.76
1055;141;165000;2006-12-23;165001;6214.4286
1056;242;210600;2008-07-10;210600.02;10528.18
1057;261;330156;2009-10-03;287666.01;17476.91
1058;125;383878;2009-08-26;383877.99;19190.61
1059;39;704258;2009-05-03;554458;35680.13
1060;35;1589793;2007-06-22;1589793;100611.96
1061;18;13617814;2009-08-21;323704.99;17012.19
1062;35;5322997;2009-02-02;1255378.01;70440.34
1063;1;194040;2007-06-20;194040;20369.22
1064;112;903358;2008-06-05;742255.01;41626.265
1065;322;866500;2008-12-26;84700.01;3937.66
1066;136;356061;2009-05-09;356061;18867.79
1067;302;220000;2008-10-25;129160;10984.14
1068;68;292871;2007-06-13;292871.17;20986.88
1069;35;6057591;2010-03-18;1955668;94272.48
1070;35;129800;2009-04-13;129800;6480.64
1071;319;1949782;2010-02-24;139400.01;8002.05
1072;35;2155652;2009-02-24;673930.01;30327.23
1073;18;1175489;2007-05-10;681290.01;41408.58
1074;17;1786546;2007-10-27;168044.99;10672.91
1076;17;1177200;2008-06-04;453599.99;25996.42
1077;74;2606979;2007-02-23;754388.99;45362.27
1078;243;463700;2007-11-10;463700;23181.04
1079;107;1064731;2006-11-09;1012473.99;45993.5963
1080;35;533700;2008-07-19;313900;16348.18
1081;109;6024230;2006-09-13;6024229.98;262015.85
1082;45;249000;2007-10-24;249000.0002;23618.0066
1083;6;8662645;2007-06-21;2620369;125477.4956
1084;45;238900;2006-05-02;186073;16004.7708
1085;10;1180190;2009-09-23;1180191.04;65018.34
1086;18;530500;2006-04-12;530499;34052.94
1087;287;309100;2008-12-16;93400;7792.03
1088;126;15238984;2006-12-20;703840.99;26520.14
1089;127;615023;2009-12-11;615023;27084.66
1091;204;10629238;2006-12-07;1756212;75147.6895
1092;111;735855;2008-04-20;735855;37005.95
1093;552;8267205;2006-03-15;3044924.05;48040.46
1094;113;692210;2007-06-08;692210;34843.88
1095;23;5414860;2005-09-23;645165.99;32194.2
1096;42;3649413;2007-06-04;2831064.33;144111.53
1098;35;1619750;2005-09-09;240000;20022.36
1099;45;321864;2008-06-14;321864;23437.01
1100;45;253000;2007-09-28;127876;9041
1101;145;337619;2006-04-29;170432.01;12526.37
1102;143;1138605;2007-10-27;697999.99;31972.6583
1103;23;4531112;2009-06-19;4273112.03;224121.34
1104;145;1057000;2007-09-07;709000.01;29546.61
1105;4;104000;2012-04-24;0;0
1106;264;325900;2009-06-27;89799.99;4483.53
1107;127;564688;2006-09-06;564687.98;23242.62
1108;10;92316;2007-08-07;92316;7701.6
1109;414;340322;2010-02-04;340322;17013.1821
1110;126;15540259;2008-05-30;2736894;150561.35
1111;44;2865354;2006-08-22;2156654.02;151691.2497
1112;318;54900;2009-04-27;54900;2741.04
1113;217;2261600;2009-03-26;2261600.01;116970.28
1114;227;435493;2007-12-08;80143;6686.06
1115;334;349800;2010-02-04;349800;17479.41
1116;1;149295;2005-09-02;149294.99;9884.52
1117;166;1415644;2006-12-23;1415643.6;73788.09
1118;322;862196;2008-10-03;99300;5692.88
1119;143;186000;2009-09-03;61984;3575
1120;172;125000;2007-03-31;125000;4589.72
1121;101;674456;2008-05-22;674455.99;56267.51
1122;109;2740567;2009-12-27;749193;43194.79
1123;17;741980;2006-05-31;520223.31;30337.19
1124;44;291000;2009-07-24;290999.9985;16704.4163
1125;318;74900;2009-06-26;74900;4294.03
1126;318;5451851;2008-12-17;870504;40545.4
1127;1;3558286;2007-03-29;1134470.99;82600.12
1128;10;3315474;2006-11-16;233624.99;16938.21
1129;143;274300;2006-07-04;274299.98;12221.04
1130;302;123200;2010-03-16;60915;0
1131;43;110000;2008-12-18;110000;10433.66
1132;112;87989;2012-11-22;0;0
1133;136;289700;2009-02-10;171999.99;8392.38
1134;300;180120;2008-03-07;117642;12455
1135;334;836013;2009-07-11;588895;31394.65
1136;34;855289;2010-02-27;73689;3683.82
1138;145;1001900;2009-06-16;452000;22596.14
1139;35;469200;2009-05-02;177800;10193.3
1140;178;534285;2008-12-19;434384.99;21715.52
1141;84;704121;2005-05-13;544221.03;39283.2
1142;57;403678;2006-01-20;403678;21721.34
1143;318;149800;2008-08-16;149800.01;7479.19
1144;35;4070822;2008-10-16;117221.01;6005.72
1145;41;999748;2007-08-30;385009.01;28983.03
1146;35;1133697;2010-02-03;221697;15981.36
1147;44;1694371;2006-01-20;435194.01;35670.78
1148;143;996149;2007-10-16;158000;6471
1149;17;459907;2007-12-02;416891;38012.289
1150;369;1313223;2009-05-07;1313223;68463.19
1151;245;187200;2007-12-27;187200;9358.38
1152;57;68988;2007-10-25;68988;5001.75
1153;112;565749;2007-09-11;492920;22325.5998
1154;129;2397371;2009-07-16;375327;14237.03
1155;23;1070290;2007-02-02;725290;31330.64
1156;17;748575;2006-05-18;649675.02;50412.77
1157;34;1841170;2008-07-22;1843830.04;112794.514
1159;18;167790;2007-06-14;167790.0001;13954.5875
1160;147;539800;2008-07-14;539799.99;25647.01
1161;37;109900;2006-03-11;109900;9168.57
1162;147;2522319;2009-12-18;875033.02;48820.97
1163;68;209100;2007-02-12;209100;15160.12
1164;221;7635624;2008-09-13;3418541.01;184856.92
1165;1279;424600;2013-10-05;0;0
1166;501;75000;2005-04-16;75000;6256.9879
1167;125;5189808;2006-04-20;1242086.24;68861.2689
1168;45;171000;2007-06-23;171000;14082.73
1169;44;2865739;2005-12-07;711985.02;44701.9
1170;35;727615;2009-03-14;458614.99;23445.26
1171;35;144800;2009-03-02;144799.99;7229.55
1172;502;110000;2005-12-28;110000.01;7975.19
1173;318;280300;2008-09-26;280300.01;16069.63
1174;501;505500;2005-08-19;247873.02;12750.22
1175;136;200000;2009-10-10;200000;9985.57
1176;35;3033552;2008-11-01;1020249;51808.61
1177;129;1815715;2009-06-28;463577.9999;23162.2369
1178;11;81217;2009-03-28;81217;4662.14
1179;310;1110400;2008-08-14;457635;24012.73
1180;149;1900432;2008-10-21;1482189;79717.37
1181;68;412149;2007-10-01;412148.4996;22149.056
1182;144;329000;2008-11-18;328999.99;15476.27
1183;143;147000;2007-09-08;147000;5397.51
1184;44;1111954;2007-11-15;362000;25723.19
1185;140;1907780;2009-09-15;172471.01;7664.8
1186;10;363034;2006-03-25;363034;26668.29
1187;110;1458534;2009-03-06;1209944.99;61573.99
1188;45;638000;2009-07-24;318000;18254.31
1189;1612;884350;2015-11-13;65253;1765
1190;35;467700;2008-10-23;467699.99;23781.04
1191;59;798211;2009-09-16;538712;30922.76
1192;220;1193911;2006-12-20;708001;32831.03
1193;2;157290;2008-12-20;157289.99;10156.43
1194;45;432000;2007-12-15;432000;35577.423
1195;17;206115;2007-06-14;157432;19945.9242
1196;446;196000;2009-12-29;196000;9798.32
1197;172;729310;2009-12-12;416438;21685.76
1198;17;254800;2007-06-12;154999.99;5837.79
1199;35;930800;2007-12-18;182019.01;7702.87
1200;23622;500000;2024-07-31;0;0
1201;171;172463;2009-02-07;172463;8621.67
1202;37;4858540;2006-05-20;685650.01;30798.73
1203;109;6575615;2006-10-14;2348317.99;109449.84
1204;1;104895;2008-07-02;104895;6021.33
1205;111;753767;2007-08-17;753767.01;31827.34
1206;41;1040900;2007-12-27;500500;41754.96
1207;221;827400;2008-07-08;827400;47367.53
1208;35;960889;2006-06-07;426229;32453.44
1210;34;1839251;2008-10-31;814765.99;43867.49
1211;35;4401900;2007-05-25;1559785;96352.55
1212;108;1195509;2007-01-18;1117519.24;48352.7809
1213;242;262800;2008-07-08;262800;15085.64
1214;10;410695;2008-09-15;410694.99;23269.26
1215;17;1054110;2007-11-22;324870;25834.7403
1216;111;1009142;2006-10-06;158000;5058.17
1217;35;3900320;2008-08-05;556129.97;30409.73
1218;35;952300;2009-12-29;334600;17460.27
1219;114;823972;2009-03-14;344169.99;16531.14
1220;35;143300;2008-06-14;143299.9938;7154.654
1221;45;107000;2005-10-25;107000.01;10149.09
1222;43;899000;2007-06-23;899000.01;71836.08
1223;18;11823449;2010-02-09;732414.01;33826.33
1224;226;332628;2009-02-02;332628;21696.69
1225;148;217000;2009-04-11;217000;12456.56
1226;35;2311830;2010-10-02;747900.98;41245.6
1227;420;62842;2008-03-29;62841.99;4556.15
1228;97;231000;2008-07-24;227857.01;19271.5311
1229;468;413061;2009-12-10;413061;20649.49
1230;319;5055471;2006-06-24;3086600;567909.2806
1231;318;328600;2010-01-18;104800;6008.2
1232;172;84645;2007-10-24;84645;3656.4426
1233;41;396500;2007-11-23;346023;30865.4307
1234;112;195229;2009-12-05;195229;11206.8237
1235;18;352395;2005-12-05;352396;21019.7737
1236;109;1277607;2009-02-14;722578.01;41450.07
1237;35;833600;2008-10-16;292258.01;13848.69
1238;35;665300;2008-09-09;480957;32851.6137
1239;235;485844;2013-06-09;0;0
1240;35;230400;2009-12-21;154500;4867.81
1241;35;383200;2008-09-19;383199.99;21968.91
1242;45;540250;2007-11-23;115000.01;9470.83
1243;420;201295;2009-01-16;73395;4213.13
1244;35;290800;2008-08-13;290800;21666.91
1245;44;159000;2009-10-03;159000;9127.15
1246;176;571822;2008-06-23;571822;15329.4
1247;4;596890;2006-04-29;596889.99;34528.53
1248;35;94900;2010-01-15;94899.99;4744.18
1249;143;770000;2009-07-10;80000;3999.31
1250;44;3707593;2008-07-18;1682312.01;98068.49
1251;99;1728833;2008-02-22;1728833.01;106413.7712
1252;35;235445;2008-08-28;137544.99;7462.42
1253;41;3322598;2007-06-08;3163294.98;155570.8102
1254;318;701400;2009-04-03;508494;26662.96
1255;367;1453400;2009-02-24;809202.01;65831.35
1256;312;598620;2008-07-11;598619.9885;30875.2764
1257;129;142989;2009-06-27;142989;8208.07
1258;35;1022600;2008-07-15;648099.99;37155.67
1259;143;810600;2009-01-30;608999.97;30417.31
1260;35;987300;2008-08-16;109900;5487.06
1262;35;309600;2009-04-23;309600.01;15457.67
1263;19;44536;2007-08-25;44536.01;3715.48
1264;501;139000;2005-12-12;48214;10077.7343
1266;35;254500;2008-09-23;254500;13592.7
1268;469;4614626;2021-07-15;2944359;480163
1269;44;499000;2007-03-24;499000;42944.67
1270;92;506608;2007-09-27;506607.9999;36729.9566
1271;1549;269400;2015-03-10;0;0
1272;57;140250;2007-06-02;140250;11700.5674
1273;501;155000;2005-05-06;155001;11237.7699
1274;234;194005;2008-12-07;194004.99;9698.59
1275;86;153604;2006-10-21;153604.01;11136.55
1276;43;618000;2007-01-15;530255;38697.5707
1277;35;247300;2009-11-10;247300.01;13377.64
1278;242;261600;2008-07-10;261600;15016.75
1279;111;1245091;2008-06-26;1112114;60417.11
1280;35;4562199;2011-07-02;131979;7576.05
1281;143;3804748;2008-07-03;1412012.03;81943.45
1282;129;240878;2009-01-02;240878;12041.84
1283;18;311200;2010-03-18;146500;7323.74
1284;145;519000;2009-11-06;519000;26538.52
1285;302;3072181;2008-06-28;1054858.99;60770.21
1286;35;311400;2013-12-28;27375;0
1287;243;359400;2007-06-25;359401;20630.8129
1288;322;1952058;2007-09-25;260999.99;21494.69
1289;17;350657;2011-09-10;138999.99;8975.44
1290;221;377998;2009-12-24;177551;21670.68
1291;218;103680;2009-09-30;0;0
1292;35;2212202;2010-05-19;685601.01;35542.89
1293;44;2012500;2006-10-14;934800.99;50584.06
1294;145;134000;2006-11-16;134000;4920.18
1295;242;1505847;2008-04-12;498846;27674.01
1296;146;6755600;2006-12-18;3153526.98;155172.02
1297;218;172800;2008-02-20;172800;9892.58
1298;144;1628000;2009-09-08;198000;11365.89
1299;555;149400;2007-09-10;149400.01;10831.7728
1300;57;920715;2007-10-02;920715;76812.03
1301;44;1491379;2008-02-20;1491378.99;110525.5598
1302;43;534800;2007-12-23;153999.99;12682.69
1303;11;52395;2008-05-08;52395;4371.13
1304;44;453900;2009-09-15;244000.0135;14006.4535
1305;35;282500;2009-07-21;219171;11774
1306;41;6444635;2007-12-27;165799.99;12020.8
1307;35;3163170;2009-05-15;185100.01;9248.84
1308;318;154800;2009-08-22;79899.99;3989.25
1309;44;162000;2008-09-20;133435;12681
1310;128;1949468;2006-04-10;1615768.02;76712.96
1311;18;51817;2009-10-25;51817.01;2974.48
1312;125;20330867;2009-11-21;4257198;231286.57
1313;18;575977;2007-04-27;483197;39685.2
1314;17;1074308;2006-05-05;1075112.437;87805.6504
1315;18;302178;2007-12-06;212278;15390.51
1316;217;2696000;2008-10-31;1096400.01;57025.91
1317;97;179500;2008-04-13;179500;10402.87
1319;136;976000;2008-08-16;975999.98;47906.31
1320;207;564820;2007-11-01;534782;25583.9916
1321;54;11406074;2006-02-21;5173409.99;293351.9812
1322;35;1236000;2009-05-26;447599;25687.98
1323;41;131800;2006-09-12;131800;9555.73
1324;172;1344445;2007-08-16;844445.01;36477.83
1325;55;436077;2009-12-24;277053;14767.25
1326;141;226000;2008-04-04;113000;4255.94
1327;35;247800;2008-10-18;164526;13418.697
1328;35;3130939;2010-11-09;409727;8415.47
1329;220;2662502;2007-10-02;1974302.01;103896.24
1330;330;573100;2008-12-17;237699.99;13627.38
1331;35;7195361;2009-06-03;3201006.99;133338.48
1332;501;150000;2006-03-27;139556;10875.2591
1333;108;667490;2009-09-11;667488;37297.96
1334;45;362000;2008-08-09;362000.01;34336.22
1335;1;6928291;2005-12-06;1389926.35;75692.9
1337;93;286281;2009-04-08;163651;16433.77
1338;368;657000;2009-10-07;657000;66915.71
1339;44;210000;2008-07-25;209999;19918.7956
1340;59;181400;2005-10-10;181396.99;11459.99
1341;10;3388215;2008-10-21;789147.01;36362.8
1342;47;7107446;2008-02-12;1532649.99;82361.27
1343;574;314301;2007-04-03;315340.3116;18440.9898
1344;109;950649;2008-11-29;803719;43438.54
1345;59;732150;2007-11-07;732150;53082.1498
1348;39;82300;2007-05-09;0;0
1349;35;1671200;2007-06-19;692013.99;45796.58
1350;9;547477;2008-05-14;344275;19967.63
1351;216;363875;2008-12-11;363875.01;20883.46
1352;8;822280;2010-07-01;199798;10092.54
1353;111;267277;2008-11-11;267277;11545.68
1354;54;353000;2007-08-10;297000.01;22614.56
1355;41;198550;2009-12-13;198550;11397.46
1356;319;521480;2015-10-15;55925;2336
1357;56;1445394;2007-07-14;1445394.02;88992.1467
1358;126;880488;2007-04-25;775787.84;34838.04
1359;35;1240700;2010-04-05;598199.98;31074.47
1360;45;1225000;2007-12-14;1224999.97;85113.69
1361;144;372300;2007-11-08;325947.99;16609.85
1362;17;83895;2005-10-28;83895;6082.5336
1363;18;354635;2010-03-20;244735;14048.63
1364;102;6693416;2008-10-12;1422692.01;100456.44
1365;98;4620083;2006-12-14;194745.01;10287.1
1366;43;1299431;2009-02-10;668900.01;33932.09
1367;44;204000;2007-10-20;204000;16800.45
1368;418;240000;2009-07-18;239999.99;11982.68
1369;1;3226171;2008-03-18;306074;19530.74
1370;56;5048264;2006-09-23;644301;40174.57
1371;35;2948242;2009-07-25;934460.02;51917.72
1372;17;683295;2006-12-18;683294.99;44566.21
1373;333;345500;2009-01-16;345499.98;17250.05
1374;35;264100;2008-06-16;74900;3739.6
1375;63;5138651;2007-08-27;3549753.15;221065.14
1376;242;178200;2008-09-10;178199.99;8908.47
1377;35;5332198;2008-09-06;456599;24112.55
1378;35;1883972;2006-11-18;1883971.99;86004.8053
1379;17;318885;2007-02-13;318884.99;25066.1
1380;1;12896396;2008-04-07;4508537.38;280683.2883
1381;18;94290;2007-10-18;94290;6836.19
1382;43;774600;2007-10-13;216000;17788.71
1383;176;980729;2006-12-02;695357.99;25448.05
1384;43;1608000;2006-05-22;1608000;80817.7
1385;44;366000;2005-12-13;365999.99;30371.68
1386;149;451700;2009-03-22;154000;7698.67
1387;146;70000;2010-03-04;70000;4013.1101
1388;171;2264448;2010-02-03;298241;17120.08
1389;1;1436469;2006-08-19;1436468.97;69231.9
1390;302;110836;2009-09-03;110836;6354.24
1391;44;383813;2006-07-22;224188;30125.1925
1392;35;352800;2008-12-05;352800;17623.93
1393;207;1453012;2008-10-30;763172.01;41116.3
1394;109;289834;2009-09-29;243502;16637.4808
1395;43;529000;2009-12-19;529000.01;30366.45
1396;35;64600;2008-10-27;64600;3703.5273
1397;35;1080840;2009-03-15;819100;45676.2
1398;56;262500;2008-05-28;262500.0024;19031.711
1399;218;961197;2009-05-07;961196.99;48051.61
1400;318;1217760;2008-11-24;108205;5165.67
1401;7;498812;2010-02-04;498812.99;30342.48
1402;111;1479423;2007-07-29;1479422.99;59871.95
1403;35;8750226;2006-11-30;1739084;82183.45
1404;45;519700;2007-06-04;519700;36345.25
1405;68;5155855;2008-06-06;606334.01;29709.98
1406;35;3455264;2010-06-16;249303.01;11719.55
1407;34;88000;2008-08-26;88000;7341.53
1408;7;332491;2009-12-24;332490.99;17923.15
1409;108;2643249;2008-09-11;471989;25662.24
1411;43;148000;2008-01-19;147999.99;12188.56
1412;44;144000;2008-07-25;86070;4586
1413;318;293500;2009-12-29;203100.02;10140.34
1414;318;193500;2009-03-20;193500;9666.38
1415;7;1201180;2008-12-19;285074;11970
1416;35;1769181;2012-12-13;77260;2635
1417;216;839845;2007-06-30;839845;45496.47
1418;164;200000;2008-04-18;200000;17314.57
1419;391;434814;2009-12-12;434813.99;24939.38
1420;145;5720290;2006-12-14;917127;29478.3263
1421;331;2263601;2008-10-08;205627;8985.24
1422;176;1272222;2007-09-15;72222;2331.64
1423;335;149800;2009-12-23;149800;8588.0555
1424;501;381840;2006-01-26;381840.01;28231.19
1425;83;1614374;2007-09-29;277211;20098.27
1426;35;5937279;2011-01-12;264662.01;14474.47
1427;119;1657924;2008-03-14;542447;32769.72
1428;44;212000;2007-12-22;73870;20108.5
1429;9;160335;2006-12-15;160334.99;11624.56
1430;420;467335;2009-09-26;244335.01;17613.24
1431;57;3775713;2005-09-10;400212.99;22768.33
1432;43;776900;2008-09-03;697000;43378.64
1433;1;691842;2006-09-03;247412;17937.8
1434;102;937880;2008-05-01;243098.01;20280.81
1435;35;531900;2009-08-04;205100.01;10249.97
1436;243;8079130;2008-04-18;2126273;205924
1437;41;4791925;2010-12-30;350024;25961.38
1438;147;816510;2006-06-18;158000;5801.41
1439;218;2552802;2009-11-09;2552802.01;146434.94
1441;111;386134;2008-05-27;386134;19563.29
1442;35;3636690;2008-11-10;1887176.01;158297.73
1443;54;242000;2008-01-26;241999.99;17545.42
1444;115;751248;2010-01-13;364648;43124.23
1445;35;316600;2008-05-24;316600.02;15807.16
1446;17;1078645;2006-11-09;78645;6561.08
1447;43;16822471;2009-09-18;4067004.02;436982.59
1448;34;3031466;2007-06-28;505969.99;32847.68
1449;17;379595;2009-08-08;73394.9998;4213.1263
1450;318;198200;2009-01-10;198200;11362.8378
1451;125;372989;2009-03-22;277989;15210.69
1452;128;1191269;2007-04-14;732589.01;32395.37
1453;420;62895;2009-01-21;62895;3610.39
1454;454;95910;2010-02-23;0;0
1455;35;4360810;2008-10-25;1355021.99;74055.34
1456;148;386693;2008-12-16;386693.01;24697.36
1457;420;164535;2008-12-20;164535;10624.2652
1458;19;3459463;2010-01-30;256630.01;12407.02
1459;35;2992957;2008-07-31;1163399.98;64466.74
1460;18;1258790;2006-12-26;1128990.01;68187.63
1461;6;117516;2009-09-19;117516;7588.1796
1462;7;9809745;2008-12-02;4463884.07;289068.15
1463;86;1884426;2008-09-20;457991;24805.78
1464;55;481050;2008-04-22;481050.0035;39652.7195
1465;128;367889;2009-12-05;301879;14772.76
1466;39;197700;2007-11-30;197700;16493.42
1467;35;1553700;2008-08-03;613965.98;30051.96
1468;219;270000;2008-06-14;270000;15457.14
1469;35;577000;2008-11-15;213499.99;11214.02
1470;1;156292;2008-08-31;0;0
1471;35;5768100;2008-10-24;779727;36622.42
1472;35;2102900;2007-04-27;828461.98;41245.46
1473;6;193935;2009-12-23;193935;13980.08
1474;127;673178;2008-03-24;526878;22759.7529
1475;56;802900;2007-11-30;802900;65432.91
1476;402;270800;2007-11-03;270800;15005.43
1477;18;614213;2008-04-15;614212.97;33878.29
1478;318;263700;2009-08-28;64900;3240.32
1479;58;380240;2009-08-21;380240;21827.11
1480;129;5316973;2008-11-19;999334.0101;54072.0105
1481;176;2474555;2008-07-11;1070737.98;54746.32
1482;35;5488810;2007-12-27;1209202.99;83592.4901
1483;109;249458;2006-09-01;249458;11689.0054
1484;43;1129000;2007-12-14;853523.03;59967.95
1485;35;6411200;2009-08-22;780383;48753.28
1486;56;73304;2008-09-20;73304;5314.6676
1487;331;1695260;2017-09-20;1271841;87376
1488;43;136000;2009-04-02;136000.01;7806.88
1489;149;209000;2007-06-02;209000;6690.87
1490;55;195500;2007-08-22;195500;16309.8818
1491;56;192500;2008-03-26;66772;16059.61
1492;18;7491169;2006-11-14;566219.99;27788.31
1493;140;163000;2007-01-09;163000;6139.1
1494;332;750220;2009-05-07;264700;15175.28
1495;56;3709803;2007-06-16;3709803.01;222276.2336
1496;1;13823988;2008-08-30;4897363.02;270571.65
1497;56;7542674;2007-05-19;1503370;96783.17
1498;35;89900;2009-10-26;89900;4488.51
1499;574;48913;2009-06-25;48913;2807.78
1500;35;119900;2010-02-03;119900.01;5993.97
1501;369;1080136;2009-07-01;384107;21820.08
1502;85;302605;2007-09-15;302605;17053.64
1503;93;18885830;2006-12-04;2950365.99;193496.65
1504;44;512600;2008-01-26;512600.03;40100.71
1505;331;1676460;2009-11-21;707747;32364.44
1506;242;2140357;2007-09-08;890400;57508.26
1507;125;1271810;2010-01-08;249000.01;13671.87
1508;17;412132;2008-08-13;412132.0001;22702.1191
1509;56;110000;2005-12-03;110000;9176.92
1510;145;489000;2006-01-03;488999.99;23271.63
1511;17;267645;2007-03-26;267645.02;9793.4
1512;144;615964;2010-03-19;615964;34002.21
1513;176;460712;2008-04-02;460712;14544.324
1515;108;471629;2008-03-18;471629;22643.28
1516;144;577821;2008-04-30;398000;20005.37
1517;221;1166401;2008-12-31;1166401;66892.92
1518;56;398400;2007-05-07;398400.01;23797.07
1519;44;647000;2009-12-15;647000;37140.04
1520;55;190000;2008-04-07;190000;15851.03
1521;110;7212936;2009-02-12;646201.01;34108.78
1522;111;3815188;2006-12-15;1354202.02;76089.62
1523;302;3724811;2009-05-29;779620;36766.57
1524;1;267145;2006-07-17;267145;15700.07
1525;501;143000;2005-12-21;127322;10367.7487
1526;17;135445;2010-02-13;135445;7357.44
1527;221;248399;2009-06-07;248399;12417.82
1528;35;1521721;2008-12-17;709090.96;36904.15
1529;318;1006043;2011-09-17;74899.99;3744.36
1530;6;110040;2009-06-19;110040;5501.05
1531;43;262000;2009-06-11;262000;15039.71
1532;136;2744399;2008-07-26;2539986.18;156198.44
1533;45;1845250;2005-12-24;391000;25988.69
1534;112;1603020;2007-04-28;1293220.029;68914.4168
1536;37;153800;2006-06-02;153801;11150.7677
1537;17;277725;2006-11-30;199155;23169.6252
1538;35;3108679;2008-07-05;2047822.01;73501.02
1539;112;134187;2008-08-27;135385.82;4749.69
1540;44;136000;2008-08-21;135999.99;12474.91
1541;93;134600;2006-09-01;134600.01;8030.35
1542;110;584715;2007-04-21;584715;28016.57
1543;181;343956;2008-11-25;343955.97;18231.81
1545;29283;1326074;2024-09-22;0;0
1546;556;388000;2006-10-20;370908.01;36802.3483
1547;268;144150;2008-09-23;144150.01;8274.72
1548;166;1427005;2008-01-29;562055.01;30026.42
1549;102;1043335;2008-06-18;800357.98;43826.56
1550;1;3081232;2008-05-31;2133099.97;117759.1847
1551;146;1002289;2006-01-04;491400.02;30209.14
1552;35;18232090;2007-11-30;3352749.99;186292.54
1553;10;263130;2007-10-22;230685;16725.07
1554;163;2787460;2008-01-05;755625;39032.78
1555;217;3077434;2010-03-27;1177200;63012.5
1556;242;845900;2007-12-24;107236;6163
1557;18;219030;2006-05-16;219030.02;15880.06
1558;45;659000;2009-07-01;159000;9127.15
1559;54;1581632;2008-05-23;1581632.07;99178.02
1560;35;1745700;2008-12-04;259000;9754.77
1561;35;2303128;2009-05-06;290800.01;16684.15
1562;17;188685;2008-11-22;188684.99;12678.15
1563;57;837571;2008-12-22;379397.48;25041.64
1564;110;3285461;2007-12-22;1654184.99;74938.37
1565;1911;532389;2016-04-19;0;0
1566;41;1250090;2006-07-15;1148604.01;54028.23
1567;57;13492106;2007-07-25;2656865.02;165395.96
1568;41;3183516;2007-12-06;1617506.01;109346.0469
1569;302;1565013;2019-05-11;0;0
1570;147;479896;2010-03-04;176999.99;8848.48
1572;7;2120027;2007-06-14;325500.01;23599.32
1573;35;720418;2008-05-19;79800;4574.94
1574;242;212400;2008-06-12;212400;10618.1789
1575;17;950014;2008-05-24;417884;28868.2696
1576;17;154000;2006-05-24;153999.99;11165.26
1577;1;688689;2005-10-05;688688.76;27783.64
1578;17;68145;2009-05-04;68145.01;3406.66
1579;144;295000;2009-03-20;295000;14747.48
1580;35;69800;2009-03-10;69800.01;4001.64
1581;17;1499988;2007-08-01;1089488.01;57165.27
1582;112;733109;2008-07-26;733109.01;38332.83
1583;334;112800;2009-08-26;112800.01;5631.87
1584;177;532720;2006-12-22;384886.1505;31425.0851
1585;113;5697111;2006-05-05;1033827.99;46133.54
1586;143;171000;2006-11-18;171000.0002;5474.3409
1587;56;3022290;2006-02-23;1915872.07;121125.67
1588;44;136000;2005-12-19;136000;11200.3
1589;7;5130816;2008-10-17;2628664.01;250055.76
1590;469;139730;2009-05-20;139729.99;8021
1591;437;678400;2007-07-25;678400;36434.79
1592;39;1276420;2008-09-20;808410;35813.49
1593;242;2851450;2007-09-13;929424.99;51374.24
1594;146;158000;2006-10-27;158000;5058.17
1595;257;1699760;2008-04-14;355842;13067.3
1596;313;302400;2009-11-30;302400;17336.63
1597;23;1418000;2008-12-15;1418000.02;69223.11
1598;30;6414842;2008-08-06;1730075.008;95187.7538
1599;179;1082700;2006-10-18;1082699.97;65513.01
1600;1;986932;2006-01-14;603041.99;41772.78
1601;35;816366;2009-02-11;297826.99;4987.81
1602;66;1796977;2007-02-06;796831.0133;45325.9541
1603;129;1257707;2008-01-30;1257707.03;70081.22
1604;318;4038296;2009-08-29;171700;8577.39
1605;55;548685;2009-03-16;548685;36972.87
1606;57;13491176;2009-12-11;1732111.01;74798.78
1607;218;2380101;2008-03-12;2270301.02;130141.1251
1608;45;255000;2008-12-27;255000;24187.109
1609;35;3025600;2009-08-01;331208.01;15529.55
1610;44;2639015;2009-01-27;646672.99;38324.84
1611;37;458859;2006-01-31;458859.0133;28367.4658
1612;56;399900;2007-10-25;363102.01;28993.4463
1613;35;2181501;2009-06-30;159699.99;7978.58
1614;23;485000;2009-03-03;85000;3611.87
1615;318;269500;2010-01-29;269500;14052.86
1616;10;94290;2006-07-06;94290;6836.19
1617;1;2468350;2006-10-07;223229.99;16184.56
1618;420;41895;2008-07-23;28319;2404.9225
1619;17;2297636;2011-11-10;635695;20148
1620;363;666335;2009-09-21;166335.01;9536
1621;139;4049643;2006-03-02;988085.98;42531.02
1622;126;1211643;2008-01-19;781384;40019.8
1623;69;410600;2007-11-23;410600.02;23624.36
1624;44;492350;2006-07-10;492349.99;40801.83
1625;144;153000;2009-02-28;153000;7648.6881
1626;35;4471874;2010-09-07;746091;42415.7
1627;113;199032;2006-12-27;199032;7496.17
1628;17;785040;2006-12-19;785039.98;65104.8724
1629;57;231974;2009-01-29;231974;19352.78
1630;41;27243966;2007-12-22;4431278.984;272909.6124
1631;39;810534;2007-09-24;521644;32931.95
1632;19;3533020;2007-06-09;2344131.98;115411.97
1633;149;383200;2006-12-15;383200.01;17445.88
1634;35;7378905;2008-05-10;2465558.98;120124.85
1635;126;1475678;2009-02-26;529825;32860.77
1636;369;2259471;2008-12-29;1107716;59073.61
1637;17;488090;2009-11-22;488090;26785.47
1638;240;223200;2007-05-13;223200.01;11158.11
1639;18;545400;2009-02-03;258013.99;13834.74
1640;34;1936172;2009-07-23;292779.99;15615.37
1641;126;2441415;2009-12-21;1891415.03;102768.49
1642;35;23826890;2009-05-21;342599.99;19654.71
1643;335;7145517;2009-07-16;168000.01;8391.06
1644;17;1065592;2007-08-11;808762.01;62009.41
1645;56;1979300;2005-09-03;1979819.41;145063.9
1646;109;2254576;2008-09-19;692696.99;36063.63
1647;43;114000;2005-12-30;114000;9388.48
1648;102;938567;2006-10-12;938567.01;49658.23
1649;17;151935;2006-05-08;151935;11015.55
1650;17;178175;2008-06-05;178175.01;15420.14
1651;57;1176960;2006-12-15;1176959.98;62142.09
1652;129;3159153;2009-09-28;1702552.98;97683.3075
1653;39467;3180413;2023-08-28;1160327;62821
1654;35;2548935;2008-11-28;474772.9967;26359.7081
1655;126;6868349;2006-04-05;6396627.006;318104.2699
1656;17;361145;2006-05-15;167145;12932.07
1657;68;208600;2006-08-30;208600;15123.88
1658;146;237520;2007-08-09;237519.98;10922.8
1659;17;1378249;2005-07-26;1353292.98;109561.2861
1660;146;3776448;2009-09-18;1498708.03;85990.86
1662;1800;1575800;2022-12-15;0;0
1663;43;470900;2009-03-20;295000;16934.03
1664;285;953260;2009-05-10;193700;9675.76
1665;17;3654558;2008-09-19;1010593.46;53253.44
1666;240;207600;2007-07-16;207599;10378.2201
1667;35;7737669;2008-08-29;1253023;71113
1668;44;878000;2009-10-31;877999.98;45425.86
1669;332;3242430;2009-10-23;598600.01;58363.08
1670;126;8791953;2011-01-15;2069676;129637.15
1671;111;386791;2007-12-07;386790.9967;18681.1581
1672;1;142845;2007-11-22;142845.01;7813.68
1673;35;3804488;2009-06-23;957048.9969;43500.7147
1674;10;6377568;2009-11-26;184894.97;11021.93
1675;1;210630;2008-10-10;210631;10529.7108
1676;217;799200;2009-12-22;799199.99;42834.96
1677;177;625702;2006-06-15;625702.02;32686.5
1678;129;1510000;2008-10-21;780100;43716.48
1679;136;570000;2008-07-12;570000.01;31187.32
1681;2;783330;2008-05-10;311689.98;22938.69
1682;35;1060200;2010-02-13;251797;13399.28
1683;143;210000;2008-12-04;210000;9071.45
1684;17;1255278;2008-01-12;205026;11891.25
1685;35;10796657;2009-12-14;852532;36845.84
1686;176;3913123;2007-08-07;3913122.98;146444.47
1687;2132;340600;2015-11-29;86003;4201
1688;7;3646496;2007-12-29;739432.9993;30785.6836
1689;45;388250;2007-03-14;122222.01;6763.14
1690;35;5519404;2009-05-29;1269095.01;70700.95
1691;376;160000;2009-08-11;159999.99;7998.64
1692;323;456300;2009-11-30;456300;23162.54
1693;17;182229;2007-03-26;182228.98;12572.45
1694;35;116300;2010-01-07;116300;5813.99
1695;35;644600;2009-06-19;571800;30214.27
1696;6;1073190;2009-10-02;123690.01;6183.44
1697;44;240000;2007-10-20;201645;20140.13
1698;35;4073900;2008-06-24;751232;47398
1699;319;142600;2008-09-10;142600;8175.2785
1700;57;413424;2007-11-15;413424;32360.19
1701;143;245000;2010-02-23;0;0
1702;2;95876;2008-12-30;44026.01;2527.24
1703;35;1145300;2008-06-28;694233.99;34767.61
1704;35;2700700;2010-03-15;385484;23209.67
1705;98;566580;2007-01-25;366580;26577.66
1706;221;2398826;2008-12-05;1059950;53902.72
1707;44;2994325;2009-06-20;841409;50680.86
1708;19;267872;2010-01-27;172871.96;8642.12
1709;56;794558;2008-05-21;794558.01;62323.37
1710;35;309900;2009-10-02;309900;16306.94
1711;302;2176360;2009-12-15;172426;8600.58
1712;34;2985687;2009-02-06;236790.02;15544.79
1713;368;1242000;2009-06-20;1242000;0
1714;35;442700;2009-07-18;203700;10177.54
1715;144;820000;2006-09-08;821609;29223.78
1716;17;272685;2007-09-14;272685;26387.9598
1717;56;513500;2008-04-21;136000;11346.01
1718;111;198648;2009-04-30;130567;9467
1719;318;987100;2009-07-01;139800.01;6979.91
1720;17;602700;2008-04-12;512673.97;31057.42
1721;39;15697170;2007-04-18;2532928.002;127846.9249
1722;3;287895;2007-04-14;287894.99;20994.48
1723;218;259200;2008-02-17;259200;12922.98
1724;57;572000;2007-07-28;437933.01;44715.6405
1725;17209;1226450;2017-09-18;163322;8654
1726;108;841733;2009-06-24;750434.01;41156.3
1727;146;151000;2009-07-14;151000.01;8667.93
1728;35;144800;2009-06-27;144799.99;7229.55
1729;41;4415544;2009-12-01;1060893.01;53455.78
1730;25;841300;2008-10-04;241599.9933;13850.9637
1731;41;88000;2006-08-01;88000;6380.1532
1732;35;2313831;2009-12-02;200928;11533.96
1733;43;210000;2009-05-15;210001;12054.7306
1734;129;549778;2009-07-10;258478;12921.69
1735;136;676300;2008-10-04;676299.98;38821.97
1736;10;5190117;2008-09-26;386833.99;12133.95
1737;217;960800;2008-07-26;669199.99;36863.72
1738;144;652000;2008-08-16;651999.99;25989.75
1739;145;330000;2009-05-16;330000;18943.14
1740;554;165000;2007-12-26;165000;13765.37
1741;144;596970;2009-04-04;182000;10447.43
1742;17;279590;2008-06-14;279590;13977.11
1743;35;1583777;2008-09-05;327632.01;16197.53
1744;43;565000;2008-10-06;265000;25135.63
1745;318;171600;2010-02-13;171600.01;8573.01
1746;17;10274896;2006-08-03;949028.99;51466
1747;35;427300;2009-11-07;82000.01;4094.08
1748;144;205000;2007-08-14;205000;8855.47
1749;41;613800;2008-09-26;476400.03;30549.78
1750;35;1094400;2008-11-15;1094399.99;62789.28
1751;35;1731990;2008-05-29;560800.01;15517.58
1752;35;396400;2009-02-04;396400.02;22742.74
1753;143;1364600;2008-07-07;990000.03;48068.24
1754;144;5499385;2006-05-19;2435086.99;149219.09
1755;218;2391430;2008-05-31;1639300;83125.87
1756;405;180596;2009-09-26;180596.01;9673.69
1757;765;548450;2014-04-16;197886;10690
1758;313;346900;2009-07-26;346900.01;19323.47
1759;129;197978;2008-05-03;197978;9897.2
1760;37;2176099;2006-06-08;850000.01;55221.23
1761;56;264000;2007-12-24;264000;22024.6
1762;2;104790;2008-07-09;0;0
1763;39;571200;2007-02-17;482400.01;25240.91
1765;110;1113378;2008-07-03;1113378.01;51104.04
1766;35;11664095;2007-06-25;226666;5464.04
1767;18;2777696;2008-05-07;415339;21508.78
1768;4;94290;2008-06-13;94290;6088.45
1769;109;9952983;2008-09-05;2463388;137949.98
1770;44;6082410;2008-01-17;1705774.02;94624.01
1771;552;154300;2007-03-12;156121.48;10304.59
1772;35;408200;2009-01-27;284400;15409.7
1773;316;536160;2008-12-12;306259.99;16841.06
1774;318;280600;2010-03-17;143599.99;7178.76
1775;110;296989;2008-12-27;0;0
1776;257;238080;2007-10-24;238080;13028.01
1778;322;302400;2009-06-10;302399.99;16643.17
1779;17;3248755;2009-12-16;141900;7093.79
1780;1;1004160;2007-03-31;1004160;65449.24
1781;501;120000;2005-12-17;120000;8700.22
1782;45;18110617;2007-01-20;1284611;16597.3738
1783;35;3410382;2008-10-04;748072;23156.51
1784;35;1154694;2009-03-20;442970;25074.41
1785;115;744778;2008-12-19;744777.99;36021.84
1786;109;1167489;2008-07-07;197989;8552.6
1787;87;122404;2006-05-20;0;0
1788;111;4801576;2007-05-02;1090696.99;56589.25
1789;111;155532;2012-03-01;0;0
1790;35;602500;2008-05-17;602500;32957.91
1791;331;271500;2009-09-05;247263;13560.17
1792;144;288000;2009-11-21;288000.01;14397.53
1793;113;1769687;2007-03-06;1769687;95571.51
1794;221;3791580;2010-02-09;701650.99;40264
1795;234;354205;2008-07-30;164794.99;9459.8
1796;146;1315000;2009-01-09;1314999.99;73003.24
1797;318;6334694;2008-12-16;170222;19796.04
1798;98;419200;2009-12-23;352820.98;17120.09
1799;300;1710620;2008-10-07;312799.99;26839.94
1800;57;786800;2006-04-21;786800.01;44606.79
1801;17;5252260;2008-06-09;919795;70368.86
1802;501;60000;2006-02-16;60000;4350.11
1803;332;127800;2009-01-04;127800;6380.78
1804;112;2108711;2008-09-23;2108711.01;121019.76
1805;44;2197028;2008-04-05;544657;31937.07
1806;127;2601707;2009-07-24;1765635;99340.15
1807;6;12147894;2008-08-08;1357817.01;69628.11
1808;6;1324976;2007-09-05;1279630.81;72622.58
1809;317;897344;2009-10-21;639724;36675.48
1810;9;2922861;2008-11-22;712589.01;41679.2
1811;136;140000;2010-01-04;140000;8026.22
1812;243;540000;2008-05-27;539998;26995.3713
1813;35;406300;2009-03-10;406299.98;30361.02
1814;35;384500;2008-10-10;239799.99;12999.21
1815;230;1392580;2008-04-04;630577;28768.16
1817;245;435200;2007-12-18;359532;19663.77
1818;34;2947009;2006-02-27;978801;40434.25
1819;332;528550;2014-02-02;131164;7086
1820;313;324000;2009-11-20;323999.99;16190.35
1821;176;465615;2007-03-03;465614;12482.2067
1822;91;8579901;2006-11-14;5105964;256990.5833
1823;127;1986131;2007-11-13;498453;32424.66
1824;110;2792363;2007-07-10;2065686;95997.21
1825;43;606034;2005-11-18;606033.99;48255.16
1826;19;779846;2005-11-05;296046;16817.51
1827;2;1414711;2009-04-04;52867.01;2642.89
1828;35;1285618;2009-05-06;853520.99;44045.76
1829;128;953767;2009-11-18;619767.01;33179.8
1830;44;1027420;2007-12-15;295000.01;24294.78
1831;108;196868;2009-04-20;196868.0035;7414.6794
1832;35;850000;2009-09-07;400299.99;22285.63
1833;35;454524;2008-03-04;454523.99;22473.75
1834;143;633000;2007-11-08;633000;25279.7
1836;217;1455800;2009-07-29;505899.99;23108.16
1837;18;4596960;2009-03-30;948403.99;49994.7
1838;35;5012813;2008-03-10;1522184.99;61431.06
1839;195;1715270;2009-04-28;1436761.98;61938.75
1840;111;936086;2010-03-15;272286;15630.15
1841;37;160100;2006-01-20;88700;6430.89
1842;35;374800;2009-08-19;374799;19726.0456
1843;176;3516471;2007-03-03;3516471.01;106515.18
1844;111;518627;2008-05-03;388751.26;15579.85
1845;18;322195;2009-02-27;142295;7496.16
1846;281;227839;2008-10-23;227839;13078.75
1848;176;211444;2007-09-29;159421;5668.3876
1849;35;442000;2008-04-04;352033.01;25362.3542
1850;318;144700;2010-01-18;144700.01;8295.67
1851;65;3397912;2007-07-14;1346208.01;62259.67
1852;221;475201;2008-10-08;475201;23715.38
1855;43;275000;2008-09-25;275000;26084.1372
1856;44;910000;2007-06-05;910000.0402;81353.785
1857;115;384728;2007-09-05;241739;9506.91
1858;318;94900;2009-05-09;94900;4738.16
1859;469;516260;2008-12-24;516259.99;37638.79
1860;9;640640;2009-07-22;162840.02;10922.49
1861;39;1699776;2008-02-01;1531999.98;92652.4744
1862;7;282345;2008-12-04;47145;2706.29
1863;221;501900;2009-01-23;433251.6245;23531.5339
1864;149;319000;2009-12-22;319000;16959.86
1865;45;136000;2008-09-11;136000;12899.8
1866;312;177480;2008-06-25;177479;8861.1959
1867;470;2156128;2009-12-24;2057161;339555.6
1868;45;165000;2007-12-18;164999.99;15650.48
1869;313;3401730;2008-12-17;1090337;65418.47
1870;318;848800;2011-10-13;99700;5723
1871;102;927968;2007-11-02;531327.99;31303.53
1872;442;270000;2009-12-11;270000;13497.68
1873;35;5757435;2008-12-31;151946.01;8190.03
1874;2;688610;2008-10-25;584710;36357.59
1875;145;2690000;2007-03-03;2690000.02;125239.26
1876;86;108004;2007-11-02;109278.96;7212.8
1877;18;64417;2010-03-06;64417;3697.76
1878;9;691107;2007-02-17;691107.0172;49746.7278
1879;221;385000;2009-05-16;384999.9987;22100.3344
1881;15101;5159367;2020-08-29;189727;10128
1882;332;77800;2009-11-28;77800;3884.39
1883;17;12855219;2008-04-24;3699719.01;226289.49
1884;420;76440;2009-03-10;76440;5510.29
1885;14;96930;2005-08-29;96930;3628.15
1886;6;299454;2008-05-19;299454;18069.7562
1887;43;419000;2006-07-06;419000.02;34931.67
1888;55;153998;2007-10-04;153998;12847.52
1889;414;4625705;2009-10-04;2580801.96;140643.69
1890;57;2636517;2007-07-28;2636517.01;154441.53
1891;111;772932;2008-12-23;772931.99;41643.54
1892;35;453900;2008-11-27;368415.99;21398.6433
1893;242;217800;2008-09-19;182760;10888.1264
1894;56;159500;2007-05-11;159500;11564.04
1895;18;401745;2008-02-29;401745.99;24020.4605
1896;144;421000;2007-12-07;264364.01;15856.22
1897;35;1241801;2008-10-22;1241801;65247.8
1898;2;3090150;2008-08-19;683159.03;37638.06
1899;122;991777;2008-05-08;991776.9993;78608.5259
1900;129;200000;2007-02-02;200000;7532.6406
1901;176;522190;2009-09-12;522190;22377.5699
1902;17;4184542;2005-12-21;3965652.98;212025.08
1903;146;598000;2008-07-28;598000.01;25289.31
1904;341;464631;2009-06-18;464630.99;22195.78
1905;35;151200;2009-01-17;151200.01;7774.46
1906;35;1973861;2008-08-15;174335;9151.31
1907;322;1893685;2010-01-15;620148;31691.21
1908;45;1668937;2007-05-05;798600;66905.97
1909;146;620000;2008-02-07;620000.01;23351.2
1910;126;1242020;2010-12-24;219700;12611.55
1911;143;336000;2009-12-29;336000.02;16797.1
1912;35;11929719;2009-10-10;2098802.99;130393.48
1913;35;1643040;2009-12-20;739990.99;42428.21
1914;143;379900;2008-12-02;379900;18811.84
1915;35;74900;2009-12-23;74899.99;3744.36
1916;146;855600;2006-08-30;87204;1662
1917;217;437000;2008-06-18;437000;26700.25
1918;69;40900;2008-09-26;27813;3412.1381
1919;146;937485;2008-07-31;937485.03;50120.39
1920;35;2566859;2009-01-24;491600;28194.09
1921;146;161000;2009-12-23;161000;9230.15
1922;44;271059;2009-05-21;143999.99;8266.09
1923;7;5384711;2008-10-16;3404092.01;176966.5
1924;17;5511582;2008-11-06;2752962;156042.16
1925;17;249742;2005-11-08;249741.99;17355.12
1926;217;5575925;2010-04-03;392886;20681.6
1927;43;358600;2008-10-09;127000;10473.31
1928;15177;2053940;2022-04-23;443040;17277
1929;557;1024000;2006-12-15;996663;97127.8366
1930;322;6996748;2011-08-08;527783;28510.89
1931;243;223200;2008-07-26;223200.01;11158.09
1932;44;220000;2009-12-23;220000;12628.76
1933;2;62895;2009-04-08;62894.99;3144.21
1934;148;13910820;2009-12-07;1145729;90135.04
1935;35;504410;2006-09-25;504410.01;37044.18
1936;319;1330700;2009-05-08;537300;30829.21
1937;322;915400;2009-11-09;59900;2990.68
1938;552;108350;2007-08-23;108350.01;7855.57
1939;221;799315;2008-12-06;799314.99;45850.02
1940;143;560000;2007-06-29;560000.01;24190.52
1941;112;2113817;2007-12-21;2113816.98;110614.82
1942;220;619500;2005-10-11;619500.002;32830.9294
1943;128;370290;2008-04-01;194400;9718.35
1944;18;151935;2008-12-02;0;0
1945;35;1415000;2008-12-30;1043900;57159.54
1946;56;2271764;2008-09-19;566953.98;41784.27
1947;35;2693665;2009-04-17;1184268.98;64080.44
1948;143;201000;2010-03-13;200999;11538.0992
1949;35;468800;2010-01-12;199200;9958.28
1950;217;672660;2009-12-24;672660;32550.72
1951;112;765518;2009-09-07;765518.01;43943.39
1952;35;5268687;2008-10-18;93000;8821.18
1953;17;6076016;2007-03-30;825059.01;46194.82
1954;169;300324;2007-05-26;300323.6;25999.86
1955;244;275000;2007-11-25;0;0
1956;234;4720788;2009-11-06;1096329;42548.42
1957;35;773100;2007-12-09;188100;13637.58
1958;113;757341;2009-04-20;757341.01;42441.92
1959;114;1359596;2007-10-20;1359596.01;75606.05
1960;93;140000;2006-08-24;140000;10150.24
1961;34;750664;2009-10-13;194738;5371.08
1962;17;469600;2015-05-29;98830;3440
1963;44;3689196;2005-12-13;1665708.01;133779.64
1964;35;1862435;2013-07-13;0;0
1965;35;472390;2008-06-14;348537.99;23585.4111
1966;6;57645;2009-03-17;57644.99;3722.21
1967;35;219800;2009-02-07;219800.0001;12601.1655
1968;322;1319253;2018-02-03;0;0
1969;18;435223;2006-05-30;435222.68;22780.98
1970;17;648630;2008-12-15;635049.98;42284.38
1971;38;11843195;2007-05-25;2511262.01;120781.13
1972;17;229000;2007-07-07;229000.0001;21940.3434
1973;35;89900;2008-12-01;89900;4488.51
1974;176;376106;2008-09-15;376105.99;10082.6492
1975;137;215000;2008-02-23;214999.99;12341.74
1976;109;87989;2007-09-29;58035;3158
1977;1309;105600;2013-07-21;0;0
1978;30;238800;2008-09-05;238800;11922.78
1979;240;162000;2007-10-25;135938;8098.6101
1980;300;244330;2009-06-05;244329.99;12214.4
1981;244;262800;2007-12-01;262800;15085.6343
1982;302;333735;2009-06-20;231730.01;11579.31
1983;40;1043861;2006-11-22;764100.02;62086.7
1984;8;178290;2009-12-09;178289.99;11497.73
1985;318;104800;2008-07-08;87939;5232.4357
1986;181;1272961;2008-11-25;847526;42324.58
1987;145;157000;2008-11-30;157000;5764.69
1988;220;2462560;2007-12-21;1846799.98;94171.3
1989;113;1729370;2008-05-17;1155000.01;61108.06
1990;35;569300;2006-06-14;291500.01;21134.26
1993;109;2906429;2008-09-08;2010671;108700.65
1994;35;1604245;2009-10-03;716546.01;38315.13
1995;35;2207600;2010-03-27;444092;24020.93
1996;218;394500;2009-08-09;394499.99;22632.58
1997;17;218145;2008-07-16;68145.0013;3406.6591
1998;35;334600;2008-07-26;334599.99;17939.31
1999;39;2211869;2007-01-25;661129.98;29782.88
2000;16;507600;2015-04-08;70998;3722
2001;109;1403678;2007-04-07;896778;38488.26
2002;18;1669956;2009-12-11;1181145.01;33162.32
2003;35;567390;2006-09-03;427589.52;26467.87
2004;39;1008790;2008-04-12;746110.01;37892.62
2006;35;919801;2007-10-01;760401.15;36955.52
2007;144;287000;2007-04-21;286999.99;10809.34
2008;470;365478;2009-12-17;365478;20979.7
2009;125;4709756;2008-10-27;2473788.99;127722.29
2010;19;76576;2006-08-31;76576.01;5551.89
2011;35;7811800;2008-04-27;3108717;196151.12
2013;57;178500;2007-06-16;178500.01;14891.63
2014;18;980776;2008-12-24;95443.01;6167.14
2015;143;175000;2006-08-28;175000;6425.61
2016;35;1730962;2008-04-02;295490;14500.33
2017;35;2417493;2007-12-01;1864023.01;110321.68
2018;221;2215246;2009-12-29;1572161.98;76427.58
2019;35;3384000;2006-12-23;1927914.91;96345.68
2020;143;378000;2009-06-13;377999.99;18896.75
2021;35;12095961;2008-09-08;1254420;68816.37
2022;167;470844;2007-06-08;0;0
2023;63;2280700;2008-06-14;2184554;138690.57
2024;162;300440;2007-03-21;300440;9618.2
2025;45;67000;2006-06-10;67000.01;5517.78
2026;6;457395;2008-08-11;457395.99;29534.67
2027;35;67800;2010-05-12;67800;3389.42
2028;35;9094154;2009-12-03;1596289.99;78700.812
2029;312;400000;2008-09-15;399999.9999;19971.1425
2030;18;1183146;2006-10-14;1139257.02;63823.03
2031;113;171593;2009-02-27;171593;7412.37
2032;318;3263500;2009-08-10;376200.01;21582.88
2033;40;606900;2007-08-08;452200.01;29666.62
2034;113;7321589;2008-03-15;2302046.01;111343.87
2035;193;3645481;2007-12-23;847473.01;56823.79
2036;8;1107031;2006-12-16;158297;8615
2037;328;10609121;2010-02-18;1180035;61880.28
2038;115;978978;2007-07-03;659978;26926.61
2039;45;102000;2006-02-07;102000;9674.8436
2040;110;307989;2008-04-26;307988.995;13304.3181
2041;395;703671;2009-04-02;503671;26311.74
2042;261;266020;2008-10-29;266020;12261.98
2043;128;355978;2009-10-24;355977.98;17795.85
2044;35;5207721;2007-08-25;3234749.03;189525.85
2045;10;2341664;2010-05-18;480713;25750.17
2046;57;94995;2007-12-22;94995;7925.1
2047;18;448665;2007-06-22;448664.99;33264.53
2048;147;67000;2008-10-22;67000;2144.93
2049;300;2223880;2009-02-25;594000;34054.1
2050;144;330000;2007-06-14;329999.99;12428.85
2051;427;111888;2009-12-31;111887.99;5459.35
2052;44;184000;2007-09-18;155057;15153.3537
2053;35;347500;2009-07-17;347499.99;19933.94
2054;35;7020948;2008-07-19;316100;16348.99
2055;57;175978;2008-04-24;175977.99;12758.72
2056;55;3146996;2007-07-14;1924785.01;107583.13
2057;35;365300;2008-12-02;294245;15217.47
2058;257;123840;2007-11-19;67029;7108.841
2059;143;216000;2007-07-14;146457;8135.2546
2060;35;69800;2010-02-16;69800;3489.4
2061;318;470100;2010-06-22;470100.02;23500.94
2062;57;299278;2008-03-15;299278.01;23009.15
2063;44;271000;2007-12-31;271001;25704.7314
2064;313;200000;2009-12-21;200000;11466.03
2065;203;731368;2009-12-24;185367.9948;10640.7613
2066;109;6155965;2008-04-18;5492845.98;310619.92
2067;57;1193153;2009-07-16;658867.99;36133.66
2068;44;65000;2006-10-17;21652;2070
2069;335;1104880;2008-08-05;162800;8128.26
2070;167;968691;2007-01-18;691940.01;23767.77
2071;48;4218939;2007-12-19;1262130;87984.57
2072;43;1705752;2008-06-13;60000.01;4941.3
2074;35;3262600;2009-11-04;383344;15336.31
2075;144;185000;2009-12-22;63404;10619.64
2076;145;505035;2008-09-14;190000.01;7156.02
2077;17;409972;2006-05-06;409972.01;29723.66
2078;2;16005006;2009-07-03;2028895.01;96655.29
2079;108;563702;2009-04-17;563701.99;24892.13
2080;65;2218128;2008-02-20;2218128.01;119460.66
2081;18;6022462;2008-03-17;1685716.01;92189.95
2082;35;3499605;2010-02-23;455961.01;22457.6
2083;242;262800;2008-06-09;262800;15085.6343
2084;420;106785;2008-11-15;106785;6895.25
2085;86;661777;2007-09-12;661777;39852.96
2086;141;1074447;2006-11-20;187690.99;6819.93
2087;41;1757490;2008-11-13;535347;27885
2088;35;339600;2008-08-08;286325.99;15695.88
2089;144;201000;2007-12-24;201000;8682.68
2090;89;144990;2007-11-09;144990;10512.03
2093;141;479000;2006-12-29;479000;19466.91
2094;38;241100;2007-02-26;241100;15393.34
2095;102;30789;2008-10-29;30789;2568.62
2096;35;4046600;2008-05-21;3057600;230825.83
2097;10;9826807;2008-05-12;1169844.99;65083.47
2098;302;370710;2009-07-25;220651;10191.88
2099;19;540230;2009-02-21;170730;12307.31
2100;161;796746;2007-06-16;796745.96;27757.4132
2101;42;76800;2006-08-12;76800;6407.16
2102;44;154000;2010-03-24;154000;8840.13
2103;35;5670340;2008-08-25;1917315.01;120111.25
2104;35;471792;2010-02-16;64900.01;3725.49
2105;144;224000;2007-01-24;224000.01;9144.93
2106;176;383144;2009-08-05;383144;19150.7705
2108;44;153000;2007-06-16;153000;14512.27
2109;235;187450;2007-08-18;187450;9370.89
2110;341;1130101;2008-12-18;97740;7078
2111;35;1009320;2008-12-03;274600;15114.4
2112;167;258000;2006-12-28;258000;8259.54
2113;35;723970;2009-08-08;181170;10386.5
2114;42;825357;2007-07-31;825357.01;38302.18
2115;18;261195;2007-11-27;73395;5321.28
2116;501;1517500;2005-12-05;197000.01;14282.85
2117;111;46745;2006-10-02;46745;1760.56
2118;19;7162596;2009-12-04;3121052;311506.87
2119;2;2382168;2008-07-09;512113;24420.56
2120;44;680930;2007-06-20;617999.99;58618.17
2121;234;12634556;2009-08-06;1481489.99;79313.75
2122;25381;330000;2020-03-12;0;0
